[{"model": "auth.group", "pk": 1, "fields": {"name": "salesman", "permissions": []}}, {"model": "auth.group", "pk": 2, "fields": {"name": "remote_agent", "permissions": []}}, {"model": "django_celery_beat.crontabschedule", "pk": 1, "fields": {"minute": "0", "hour": "4", "day_of_month": "*", "month_of_year": "*", "day_of_week": "*", "timezone": "America/New_York"}}, {"model": "django_celery_beat.crontabschedule", "pk": 2, "fields": {"minute": "0", "hour": "0", "day_of_month": "*", "month_of_year": "*", "day_of_week": "*", "timezone": "America/New_York"}}, {"model": "django_celery_beat.crontabschedule", "pk": 3, "fields": {"minute": "0", "hour": "1", "day_of_month": "*", "month_of_year": "*", "day_of_week": "*", "timezone": "America/New_York"}}, {"model": "django_celery_beat.crontabschedule", "pk": 4, "fields": {"minute": "0", "hour": "2", "day_of_month": "*", "month_of_year": "*", "day_of_week": "0", "timezone": "America/New_York"}}, {"model": "django_celery_beat.periodictasks", "pk": 1, "fields": {"last_update": "2025-10-28T22:20:35.748Z"}}, {"model": "django_celery_beat.periodictask", "pk": 1, "fields": {"name": "celery.backend_cleanup", "task": "celery.backend_cleanup", "interval": null, "crontab": 1, "solar": null, "clocked": null, "args": "[]", "kwargs": "{}", "queue": null, "exchange": null, "routing_key": null, "headers": "{}", "priority": null, "expires": null, "expire_seconds": 43200, "one_off": false, "start_time": null, "enabled": true, "last_run_at": "2025-10-29T08:00:00.218Z", "total_run_count": 5, "date_changed": "2025-10-29T08:01:34.670Z", "description": ""}}, {"model": "django_celery_beat.periodictask", "pk": 2, "fields": {"name": "generate-daily-timeslots-midnight", "task": "core.tasks.generate_daily_timeslots", "interval": null, "crontab": 2, "solar": null, "clocked": null, "args": "[]", "kwargs": "{}", "queue": null, "exchange": null, "routing_key": null, "headers": "{}", "priority": null, "expires": null, "expire_seconds": null, "one_off": false, "start_time": null, "enabled": true, "last_run_at": "2025-10-29T04:00:00.207Z", "total_run_count": 3, "date_changed": "2025-10-29T04:02:00.572Z", "description": ""}}, {"model": "django_celery_beat.periodictask", "pk": 3, "fields": {"name": "cleanup-past-slots-daily", "task": "core.tasks.cleanup_past_slots_task", "interval": null, "crontab": 3, "solar": null, "clocked": null, "args": "[]", "kwargs": "{}", "queue": null, "exchange": null, "routing_key": null, "headers": "{}", "priority": null, "expires": null, "expire_seconds": null, "one_off": false, "start_time": null, "enabled": true, "last_run_at": "2025-10-29T05:00:00.203Z", "total_run_count": 3, "date_changed": "2025-10-29T05:03:03.190Z", "description": ""}}, {"model": "django_celery_beat.periodictask", "pk": 4, "fields": {"name": "cleanup-old-slots-weekly", "task": "core.tasks.cleanup_old_slots_async", "interval": null, "crontab": 4, "solar": null, "clocked": null, "args": "[]", "kwargs": "{}", "queue": null, "exchange": null, "routing_key": null, "headers": "{}", "priority": null, "expires": null, "expire_seconds": null, "one_off": false, "start_time": null, "enabled": true, "last_run_at": null, "total_run_count": 0, "date_changed": "2025-10-28T22:20:35.720Z", "description": ""}}, {"model": "core.user", "pk": 1, "fields": {"password": "pbkdf2_sha256$1000000$r7iqcFcKbOyFuaJvX2uJlK$ujAHBK1Oa6RQ8al0K5jbw8FGAYVFvpuKPqTsqbz4Yto=", "username": "admin", "email": "admin@admin.com", "first_name": "Admin", "last_name": "Admin", "plain_text_password": null, "paypal_email": null, "bitcoin_wallet_address": null, "ACH_bank_name": null, "ACH_account_number": null, "ACH_routing_number": null, "employee_id": null, "phone_number": "", "company": null, "commission_rate": null, "is_active_salesman": false, "hire_date": null, "is_active": true, "is_staff": true, "is_superuser": true, "date_joined": "2025-10-24T11:14:15.575Z", "last_login": "2025-10-30T21:38:21.637Z", "password_reset_token": null, "password_reset_sent_at": null, "failed_login_attempts": 0, "last_failed_login": null, "booking_advance_days": 14, "booking_start_time": "09:00:00", "booking_end_time": "19:00:00", "booking_weekdays": "0,1,2,3,4", "groups": [], "user_permissions": []}}, {"model": "core.user", "pk": 2, "fields": {"password": "pbkdf2_sha256$1000000$4dFvj6sEZGNeLEzRoR8vVK$Uw3mwbGjqHDmMs7n8QfQ3crzolBp6smANh8lkmcVstY=", "username": "ryanbbellknapp", "email": "info@munus-solutions.us", "first_name": "Ryan", "last_name": "Bellknapp", "plain_text_password": "CF7ALCWdkR6G", "paypal_email": "", "bitcoin_wallet_address": "", "ACH_bank_name": "", "ACH_account_number": "", "ACH_routing_number": "", "employee_id": "EMP00001", "phone_number": "(678) 595-6204", "company": null, "commission_rate": null, "is_active_salesman": true, "hire_date": "2025-08-01", "is_active": true, "is_staff": false, "is_superuser": false, "date_joined": "2025-10-24T11:16:44.269Z", "last_login": "2025-10-30T16:49:54.642Z", "password_reset_token": null, "password_reset_sent_at": null, "failed_login_attempts": 0, "last_failed_login": null, "booking_advance_days": 7, "booking_start_time": "09:00:00", "booking_end_time": "19:00:00", "booking_weekdays": "0,2,3,4,5,6", "groups": [1], "user_permissions": []}}, {"model": "core.user", "pk": 3, "fields": {"password": "pbkdf2_sha256$1000000$fjV4lGMqBrHgtSHgiNMIww$ppTAcANlmsNJFFLYiolLeTulZqJpAQB2OqK1klBZM9o=", "username": "paytonlowe", "email": "paytonlowe@gmail.com", "first_name": "Payton", "last_name": "Lowe", "plain_text_password": "xVwiFQyiMV4J", "paypal_email": "", "bitcoin_wallet_address": "", "ACH_bank_name": "", "ACH_account_number": "", "ACH_routing_number": "", "employee_id": "EMP00002", "phone_number": "(702) 509-6502", "company": null, "commission_rate": null, "is_active_salesman": false, "hire_date": "2025-08-01", "is_active": true, "is_staff": false, "is_superuser": false, "date_joined": "2025-10-24T11:20:44.357Z", "last_login": "2025-10-24T11:21:00.568Z", "password_reset_token": null, "password_reset_sent_at": null, "failed_login_attempts": 0, "last_failed_login": null, "booking_advance_days": 14, "booking_start_time": "09:00:00", "booking_end_time": "19:00:00", "booking_weekdays": "0,1,2,3,4", "groups": [2], "user_permissions": []}}, {"model": "core.user", "pk": 4, "fields": {"password": "pbkdf2_sha256$1000000$DOQHyn9zThO5DkY2YUGMxN$Vkh8lu8UL4v8FFML2xW9Czq+DrWlPFrvgd/MZd1Q7wk=", "username": "lascott7", "email": "latoyas.lascottvirtutechsol@protonmail.com", "first_name": "LaToya", "last_name": "Scott", "plain_text_password": "praiseH72*", "paypal_email": "", "bitcoin_wallet_address": "", "ACH_bank_name": "", "ACH_account_number": "", "ACH_routing_number": "", "employee_id": "EMP00003", "phone_number": "(239) 297-5812", "company": null, "commission_rate": null, "is_active_salesman": false, "hire_date": null, "is_active": true, "is_staff": false, "is_superuser": false, "date_joined": "2025-10-24T11:22:23.732Z", "last_login": "2025-10-30T14:01:36.584Z", "password_reset_token": null, "password_reset_sent_at": null, "failed_login_attempts": 0, "last_failed_login": null, "booking_advance_days": 14, "booking_start_time": "09:00:00", "booking_end_time": "19:00:00", "booking_weekdays": "0,1,2,3,4", "groups": [2], "user_permissions": []}}, {"model": "core.user", "pk": 5, "fields": {"password": "pbkdf2_sha256$1000000$RUxGrL3Zj36ekoGJsuu8w1$DKyDlbk0dzAVD3Ku1wuIzqfAdH/jZkqHPCMm3Vc/m8A=", "username": "RAUCP", "email": "notarypro365ca@gmail.com", "first_name": "Cathrine", "last_name": "Pablo", "plain_text_password": "Dc061010", "paypal_email": "", "bitcoin_wallet_address": "", "ACH_bank_name": "", "ACH_account_number": "", "ACH_routing_number": "", "employee_id": "EMP00004", "phone_number": "(562) 382-3944", "company": null, "commission_rate": null, "is_active_salesman": false, "hire_date": null, "is_active": true, "is_staff": false, "is_superuser": false, "date_joined": "2025-10-24T11:23:33.227Z", "last_login": "2025-10-30T16:29:03.958Z", "password_reset_token": null, "password_reset_sent_at": null, "failed_login_attempts": 0, "last_failed_login": null, "booking_advance_days": 14, "booking_start_time": "09:00:00", "booking_end_time": "19:00:00", "booking_weekdays": "0,1,2,3,4", "groups": [2], "user_permissions": []}}, {"model": "core.user", "pk": 6, "fields": {"password": "pbkdf2_sha256$1000000$nNoluYBfiKJTmCJzidI7t5$OSYsQvj/85Lfdpwm5mCtRWLG0pE6o5WlJIKXO3XI3Sc=", "username": "JHOLMES888", "email": "Goldpharaoh1@gmail.com", "first_name": "Julian", "last_name": "Holmes", "plain_text_password": "Hiworld888!", "paypal_email": "", "bitcoin_wallet_address": "", "ACH_bank_name": "Cash app", "ACH_account_number": "2077341499966", "ACH_routing_number": "041215663", "employee_id": "EMP00005", "phone_number": "(424) 335-3783", "company": null, "commission_rate": null, "is_active_salesman": false, "hire_date": "2025-10-24", "is_active": true, "is_staff": false, "is_superuser": false, "date_joined": "2025-10-24T11:25:15.026Z", "last_login": null, "password_reset_token": null, "password_reset_sent_at": null, "failed_login_attempts": 0, "last_failed_login": null, "booking_advance_days": 14, "booking_start_time": "09:00:00", "booking_end_time": "19:00:00", "booking_weekdays": "0,1,2,3,4", "groups": [2], "user_permissions": []}}, {"model": "core.user", "pk": 7, "fields": {"password": "pbkdf2_sha256$1000000$tOYHqbRJaW7emDg2Pg7yMK$uO0602KJv3kuPhAeJeUayRuCc9whyoYWNIKHKhDScl8=", "username": "Alfordchelsea1", "email": "alfordchelsea1@icloud.com", "first_name": "Chelsea", "last_name": "Alford", "plain_text_password": "Brown777!", "paypal_email": "", "bitcoin_wallet_address": "", "ACH_bank_name": "Sutton Bank", "ACH_account_number": "041215663", "ACH_routing_number": "2072903747340", "employee_id": "EMP00006", "phone_number": "(464) 210-1739", "company": null, "commission_rate": null, "is_active_salesman": false, "hire_date": "2025-10-24", "is_active": true, "is_staff": false, "is_superuser": false, "date_joined": "2025-10-24T11:34:46.240Z", "last_login": "2025-10-25T12:19:04.947Z", "password_reset_token": null, "password_reset_sent_at": null, "failed_login_attempts": 0, "last_failed_login": null, "booking_advance_days": 14, "booking_start_time": "09:00:00", "booking_end_time": "19:00:00", "booking_weekdays": "0,1,2,3,4", "groups": [2], "user_permissions": []}}, {"model": "core.user", "pk": 8, "fields": {"password": "pbkdf2_sha256$1000000$ciEt0HXqVs0kI6IY5KZvcP$9oJawGkF78ZcIbLCgC07ZjtyVScKaULsWQLPKaZG04w=", "username": "Kross254", "email": "khalilross12@gmail.com", "first_name": "Khalil", "last_name": "Ross", "plain_text_password": "654321qazS!", "paypal_email": "", "bitcoin_wallet_address": "", "ACH_bank_name": "", "ACH_account_number": "", "ACH_routing_number": "", "employee_id": "EMP00007", "phone_number": "(254) 892-8631", "company": null, "commission_rate": null, "is_active_salesman": false, "hire_date": null, "is_active": true, "is_staff": false, "is_superuser": false, "date_joined": "2025-10-24T11:35:51.811Z", "last_login": null, "password_reset_token": null, "password_reset_sent_at": null, "failed_login_attempts": 0, "last_failed_login": null, "booking_advance_days": 14, "booking_start_time": "09:00:00", "booking_end_time": "19:00:00", "booking_weekdays": "0,1,2,3,4", "groups": [2], "user_permissions": []}}, {"model": "core.user", "pk": 9, "fields": {"password": "pbkdf2_sha256$1000000$IgR9tRMGSRqdPIs7Trt1hv$BrUtGltVDHvpMn9gHwbzpoo1uFnbsNHWW9ZooWhb53E=", "username": "Nasonseng", "email": "nasonchan@icloud.com", "first_name": "Nason", "last_name": "Seng", "plain_text_password": "Nasonsway4", "paypal_email": "", "bitcoin_wallet_address": "", "ACH_bank_name": "The Bancorp Bank", "ACH_account_number": "169179329068", "ACH_routing_number": "031101279", "employee_id": "EMP00008", "phone_number": "(951) 288-5403", "company": null, "commission_rate": null, "is_active_salesman": false, "hire_date": "2025-10-24", "is_active": true, "is_staff": false, "is_superuser": false, "date_joined": "2025-10-24T11:36:47.635Z", "last_login": "2025-10-25T20:23:15.062Z", "password_reset_token": null, "password_reset_sent_at": null, "failed_login_attempts": 0, "last_failed_login": null, "booking_advance_days": 14, "booking_start_time": "09:00:00", "booking_end_time": "19:00:00", "booking_weekdays": "0,1,2,3,4", "groups": [2], "user_permissions": []}}, {"model": "core.user", "pk": 10, "fields": {"password": "pbkdf2_sha256$1000000$CCAg1Ut6UxdekslpRth6ic$aSFcPn6kafcFNsB/TNupFaf96B/MksgjTdlgUTK8YrU=", "username": "tharvey682", "email": "tharveyblaze@gmail.com", "first_name": "taylor", "last_name": "harvey", "plain_text_password": "Taylor@14", "paypal_email": "", "bitcoin_wallet_address": "", "ACH_bank_name": "", "ACH_account_number": "", "ACH_routing_number": "", "employee_id": "EMP00009", "phone_number": "(903) 402-4935", "company": null, "commission_rate": null, "is_active_salesman": false, "hire_date": null, "is_active": true, "is_staff": false, "is_superuser": false, "date_joined": "2025-10-24T11:37:55.312Z", "last_login": null, "password_reset_token": null, "password_reset_sent_at": null, "failed_login_attempts": 0, "last_failed_login": null, "booking_advance_days": 14, "booking_start_time": "09:00:00", "booking_end_time": "19:00:00", "booking_weekdays": "0,1,2,3,4", "groups": [2], "user_permissions": []}}, {"model": "core.user", "pk": 11, "fields": {"password": "pbkdf2_sha256$1000000$Vs5xkyphXTzwG9Rt6wbxAK$FP4TRoeNtEsjvqQBcCdtXKacWm6GGOfCbbFXSaIEzJg=", "username": "JesseK", "email": "jesse@activatewithin.com", "first_name": "Jesse", "last_name": "Kile", "plain_text_password": "DKoGb5mSGQfE", "paypal_email": "", "bitcoin_wallet_address": "", "ACH_bank_name": "", "ACH_account_number": "", "ACH_routing_number": "", "employee_id": "EMP00010", "phone_number": "(520) 979-5237", "company": null, "commission_rate": null, "is_active_salesman": false, "hire_date": null, "is_active": true, "is_staff": false, "is_superuser": false, "date_joined": "2025-10-24T11:39:23.465Z", "last_login": "2025-10-26T22:53:19.206Z", "password_reset_token": null, "password_reset_sent_at": null, "failed_login_attempts": 0, "last_failed_login": null, "booking_advance_days": 14, "booking_start_time": "09:00:00", "booking_end_time": "19:00:00", "booking_weekdays": "0,1,2,3,4", "groups": [2], "user_permissions": []}}, {"model": "core.user", "pk": 12, "fields": {"password": "pbkdf2_sha256$1000000$EkEuh8xSsay1SDnJ0ozVn2$3rOR3hoh+Lx07tZc+2PaSrFyYBT3xJF95KSR6igaVKA=", "username": "joelarsson", "email": "larssonjoe09@gmail.com", "first_name": "Joe", "last_name": "Larsson", "plain_text_password": "CNsO9FEGPFs6", "paypal_email": "", "bitcoin_wallet_address": "", "ACH_bank_name": "", "ACH_account_number": "", "ACH_routing_number": "", "employee_id": "EMP00011", "phone_number": "(510) 813-7368", "company": null, "commission_rate": null, "is_active_salesman": true, "hire_date": "2025-10-23", "is_active": true, "is_staff": false, "is_superuser": false, "date_joined": "2025-10-24T11:42:29.805Z", "last_login": "2025-10-25T00:52:08.916Z", "password_reset_token": null, "password_reset_sent_at": null, "failed_login_attempts": 0, "last_failed_login": null, "booking_advance_days": 4, "booking_start_time": "09:00:00", "booking_end_time": "19:00:00", "booking_weekdays": "0,1,2,3,4", "groups": [1], "user_permissions": []}}, {"model": "core.user", "pk": 14, "fields": {"password": "pbkdf2_sha256$1000000$w9NfKDaE3d0FtC51As1rht$ssMJHrlOJVFSSsSH7uO/0tuD+hXguBD6eqsZKQgnlic=", "username": "Fatima@Tritegrity", "email": "contact@tritegrityinc.com", "first_name": "Fatima", "last_name": "Graham", "plain_text_password": "Daboyz44##", "paypal_email": "", "bitcoin_wallet_address": "", "ACH_bank_name": "", "ACH_account_number": "", "ACH_routing_number": "", "employee_id": "EMP00012", "phone_number": "(202) 240-2768", "company": null, "commission_rate": null, "is_active_salesman": false, "hire_date": null, "is_active": true, "is_staff": false, "is_superuser": false, "date_joined": "2025-10-28T14:25:04.625Z", "last_login": "2025-10-30T13:16:11.070Z", "password_reset_token": null, "password_reset_sent_at": null, "failed_login_attempts": 0, "last_failed_login": null, "booking_advance_days": 14, "booking_start_time": "09:00:00", "booking_end_time": "19:00:00", "booking_weekdays": "0,1,2,3,4", "groups": [2], "user_permissions": []}}, {"model": "core.client", "pk": 1, "fields": {"business_name": "Like it Never Happen Home Improvement and Handyman Services", "first_name": "James", "last_name": "Tate", "email": "likeitneverhappen@gmail.com", "phone_number": "(919) 522-6382", "notes": "", "created_at": "2025-10-24T11:28:49.024Z", "created_by": 5, "updated_at": "2025-10-24T11:28:49.025Z"}}, {"model": "core.client", "pk": 2, "fields": {"business_name": "Home Heroes Handy Services", "first_name": "Andre", "last_name": "Cruz", "email": "homeheroesab@gmal.com", "phone_number": "(470) 860-2219", "notes": "", "created_at": "2025-10-24T11:50:50.352Z", "created_by": 4, "updated_at": "2025-10-24T11:50:50.352Z"}}, {"model": "core.client", "pk": 3, "fields": {"business_name": "Eli The Handyman", "first_name": "Eli", "last_name": "", "email": "elihandy1973@gmail.com", "phone_number": "(860) 995-0904", "notes": "", "created_at": "2025-10-24T22:02:11.081Z", "created_by": 4, "updated_at": "2025-10-24T22:02:11.081Z"}}, {"model": "core.client", "pk": 4, "fields": {"business_name": "Greens Electrical LLC", "first_name": "Dedra", "last_name": "Greens", "email": "dedragreenselectrical@yahoo.com", "phone_number": "(864) 207-3823", "notes": "", "created_at": "2025-10-24T23:07:33.394Z", "created_by": 5, "updated_at": "2025-10-24T23:07:33.394Z"}}, {"model": "core.client", "pk": 5, "fields": {"business_name": "All his Painting and Remodeling", "first_name": "Blue", "last_name": "Earl", "email": "allhispainting@gmail.com", "phone_number": "(678) 933-9219", "notes": "", "created_at": "2025-10-24T23:14:49.855Z", "created_by": 5, "updated_at": "2025-10-24T23:14:49.855Z"}}, {"model": "core.client", "pk": 6, "fields": {"business_name": "J & Bris Conrtuction LLC", "first_name": "Adame", "last_name": "Juan", "email": "adamejuan092@gmail.com", "phone_number": "(678) 508-7862", "notes": "", "created_at": "2025-10-24T23:19:09.917Z", "created_by": 5, "updated_at": "2025-10-24T23:19:09.918Z"}}, {"model": "core.client", "pk": 7, "fields": {"business_name": "Book the look and Nubianimmaculate", "first_name": "Deesia", "last_name": "Trasher", "email": "deesiat93@yahoo.com", "phone_number": "(678) 914-9757", "notes": "", "created_at": "2025-10-24T23:22:43.462Z", "created_by": 5, "updated_at": "2025-10-24T23:22:43.462Z"}}, {"model": "core.client", "pk": 8, "fields": {"business_name": "Yahartclothing LLC", "first_name": "Shirley", "last_name": "Wysingle", "email": "wysingleshirley5@gmail.com", "phone_number": "(708) 668-5448", "notes": "", "created_at": "2025-10-25T00:10:30.620Z", "created_by": 7, "updated_at": "2025-10-25T00:14:58.682Z"}}, {"model": "core.client", "pk": 9, "fields": {"business_name": "Discount Market", "first_name": "Mike", "last_name": "Ali", "email": "none@none.com", "phone_number": "(209) 463-5874", "notes": "", "created_at": "2025-10-25T16:41:00.831Z", "created_by": 5, "updated_at": "2025-10-25T16:56:15.193Z"}}, {"model": "core.client", "pk": 10, "fields": {"business_name": "Sherwood Mills Salon", "first_name": "Tim", "last_name": "Han", "email": "N/A@HOTMAIL.COM", "phone_number": "(209) 952-5119", "notes": "", "created_at": "2025-10-25T18:09:49.394Z", "created_by": 9, "updated_at": "2025-10-25T18:09:49.394Z"}}, {"model": "core.client", "pk": 14, "fields": {"business_name": "Live Transfer", "first_name": "Charles", "last_name": "Centers", "email": "livetransfer_1761773404.998115@placeholder.com", "phone_number": "(205) 607-1185", "notes": "", "created_at": "2025-10-29T21:30:05.032Z", "created_by": 4, "updated_at": "2025-10-29T21:30:05.032Z"}}, {"model": "core.booking", "pk": 1, "fields": {"client": 1, "salesman": 2, "appointment_date": "2025-10-30", "appointment_time": "09:00:00", "duration_minutes": 15, "appointment_type": "in_person", "status": "pending", "meeting_address": "Waterbean Coffee Exquisite, 618 W Franklin Blvd Suite D, Gastonia, NC 28052", "zoom_link": "", "location": "", "resort": "", "maintenance_fees": null, "mortgage_balance": null, "notes": "Needs more client.", "commission_amount": "50.00", "audio_file": "", "cancellation_reason": "", "cancellation_notes": "", "canceled_at": null, "canceled_by": null, "is_locked": false, "payroll_period": 1, "created_at": "2025-10-24T11:28:49.226Z", "created_by": 5, "updated_at": "2025-10-24T11:28:49.226Z", "updated_by": null, "approved_at": null, "approved_by": null, "declined_at": null, "declined_by": null, "decline_reason": "", "available_slot": null}}, {"model": "core.booking", "pk": 2, "fields": {"client": 2, "salesman": 2, "appointment_date": "2025-10-29", "appointment_time": "10:30:00", "duration_minutes": 15, "appointment_type": "in_person", "status": "pending", "meeting_address": "Starbucks, 3875 Chapel Hill Rd, Douglasville, GA 30135", "zoom_link": "", "location": "", "resort": "", "maintenance_fees": null, "mortgage_balance": null, "notes": "Was a rebooking. He wanted to see if we could help with his business.", "commission_amount": "50.00", "audio_file": "", "cancellation_reason": "", "cancellation_notes": "", "canceled_at": null, "canceled_by": null, "is_locked": false, "payroll_period": 1, "created_at": "2025-10-24T11:50:50.561Z", "created_by": 4, "updated_at": "2025-10-26T19:18:52.454Z", "updated_by": null, "approved_at": null, "approved_by": null, "declined_at": null, "declined_by": null, "decline_reason": "", "available_slot": null}}, {"model": "core.booking", "pk": 3, "fields": {"client": 3, "salesman": 2, "appointment_date": "2025-10-23", "appointment_time": "10:00:00", "duration_minutes": 15, "appointment_type": "in_person", "status": "confirmed", "meeting_address": "Panera Bread - 1811 E Main St., Spartanburg, SC 29307", "zoom_link": "", "location": "", "resort": "", "maintenance_fees": null, "mortgage_balance": null, "notes": "", "commission_amount": "50.00", "audio_file": "", "cancellation_reason": "", "cancellation_notes": "", "canceled_at": null, "canceled_by": null, "is_locked": true, "payroll_period": 2, "created_at": "2025-10-22T22:02:12Z", "created_by": 4, "updated_at": "2025-10-25T15:37:12.801Z", "updated_by": null, "approved_at": "2025-10-24T22:37:38Z", "approved_by": 1, "declined_at": null, "declined_by": null, "decline_reason": "", "available_slot": 804}}, {"model": "core.booking", "pk": 4, "fields": {"client": 4, "salesman": 2, "appointment_date": "2025-10-23", "appointment_time": "11:00:00", "duration_minutes": 15, "appointment_type": "in_person", "status": "confirmed", "meeting_address": "Strabucks 4839-A Calhoun Memorial Hwy,Easley SC 29640", "zoom_link": "", "location": "", "resort": "", "maintenance_fees": null, "mortgage_balance": null, "notes": "", "commission_amount": "50.00", "audio_file": "", "cancellation_reason": "", "cancellation_notes": "", "canceled_at": null, "canceled_by": null, "is_locked": true, "payroll_period": 2, "created_at": "2025-10-22T23:07:34Z", "created_by": 5, "updated_at": "2025-10-25T15:38:22.325Z", "updated_by": null, "approved_at": "2025-10-24T23:08:17Z", "approved_by": 1, "declined_at": null, "declined_by": null, "decline_reason": "", "available_slot": 817}}, {"model": "core.booking", "pk": 5, "fields": {"client": 5, "salesman": 2, "appointment_date": "2025-10-22", "appointment_time": "14:00:00", "duration_minutes": 15, "appointment_type": "in_person", "status": "no_show", "meeting_address": "Blue Cafe, 2005 Boggs Rd, Ste 100, Duluth, GA 30096", "zoom_link": "", "location": "", "resort": "", "maintenance_fees": null, "mortgage_balance": null, "notes": "", "commission_amount": "50.00", "audio_file": "", "cancellation_reason": "", "cancellation_notes": "", "canceled_at": null, "canceled_by": null, "is_locked": true, "payroll_period": 2, "created_at": "2025-10-21T23:14:51Z", "created_by": 5, "updated_at": "2025-10-25T15:35:07.479Z", "updated_by": null, "approved_at": "2025-10-24T23:15:36Z", "approved_by": 1, "declined_at": null, "declined_by": null, "decline_reason": "", "available_slot": 803}}, {"model": "core.booking", "pk": 6, "fields": {"client": 6, "salesman": 2, "appointment_date": "2025-10-22", "appointment_time": "12:00:00", "duration_minutes": 15, "appointment_type": "in_person", "status": "no_show", "meeting_address": "Starbucks, 3707 Mundy Mill Rd, Oakwood, GA 30566", "zoom_link": "", "location": "", "resort": "", "maintenance_fees": null, "mortgage_balance": null, "notes": "", "commission_amount": "50.00", "audio_file": "", "cancellation_reason": "", "cancellation_notes": "", "canceled_at": null, "canceled_by": null, "is_locked": true, "payroll_period": 2, "created_at": "2025-10-20T23:19:11Z", "created_by": 5, "updated_at": "2025-10-25T15:34:26.477Z", "updated_by": null, "approved_at": "2025-10-24T23:19:40Z", "approved_by": 1, "declined_at": null, "declined_by": null, "decline_reason": "", "available_slot": 802}}, {"model": "core.booking", "pk": 7, "fields": {"client": 7, "salesman": 2, "appointment_date": "2025-10-22", "appointment_time": "09:30:00", "duration_minutes": 15, "appointment_type": "in_person", "status": "no_show", "meeting_address": "1479 GA-20 McDonough GA 30253", "zoom_link": "", "location": "", "resort": "", "maintenance_fees": null, "mortgage_balance": null, "notes": "", "commission_amount": "50.00", "audio_file": "", "cancellation_reason": "", "cancellation_notes": "", "canceled_at": null, "canceled_by": null, "is_locked": true, "payroll_period": 2, "created_at": "2025-10-20T23:22:44Z", "created_by": 5, "updated_at": "2025-10-25T15:33:41.067Z", "updated_by": null, "approved_at": "2025-10-24T23:23:43Z", "approved_by": 1, "declined_at": null, "declined_by": null, "decline_reason": "", "available_slot": 801}}, {"model": "core.booking", "pk": 8, "fields": {"client": 8, "salesman": 2, "appointment_date": "2025-10-24", "appointment_time": "18:30:00", "duration_minutes": 15, "appointment_type": "in_person", "status": "declined", "meeting_address": "646 north Michigan ave Chicago", "zoom_link": "", "location": "", "resort": "", "maintenance_fees": null, "mortgage_balance": null, "notes": "", "commission_amount": "50.00", "audio_file": "", "cancellation_reason": "", "cancellation_notes": "", "canceled_at": null, "canceled_by": null, "is_locked": false, "payroll_period": 1, "created_at": "2025-10-25T00:10:31.805Z", "created_by": 7, "updated_at": "2025-10-25T00:16:56.729Z", "updated_by": null, "approved_at": null, "approved_by": null, "declined_at": "2025-10-25T00:16:56.728Z", "declined_by": 1, "decline_reason": "Duplicate.", "available_slot": null}}, {"model": "core.booking", "pk": 9, "fields": {"client": 8, "salesman": 2, "appointment_date": "2025-10-31", "appointment_time": "17:00:00", "duration_minutes": 15, "appointment_type": "in_person", "status": "declined", "meeting_address": "646 north Michigan ave Chicago IL 60610", "zoom_link": "", "location": "", "resort": "", "maintenance_fees": null, "mortgage_balance": null, "notes": "", "commission_amount": "50.00", "audio_file": "", "cancellation_reason": "", "cancellation_notes": "", "canceled_at": null, "canceled_by": null, "is_locked": false, "payroll_period": 1, "created_at": "2025-10-25T00:14:59.891Z", "created_by": 7, "updated_at": "2025-10-25T00:20:32.833Z", "updated_by": null, "approved_at": null, "approved_by": null, "declined_at": "2025-10-25T00:20:32.832Z", "declined_by": 1, "decline_reason": "Incorrect State.", "available_slot": null}}, {"model": "core.booking", "pk": 10, "fields": {"client": 9, "salesman": 12, "appointment_date": "2025-10-27", "appointment_time": "09:30:00", "duration_minutes": 15, "appointment_type": "in_person", "status": "confirmed", "meeting_address": "48 S San Joaquin St. Stockton Ca 95202", "zoom_link": "", "location": "", "resort": "", "maintenance_fees": null, "mortgage_balance": null, "notes": "", "commission_amount": "50.00", "audio_file": "media/booking_audio/20251025_0926_2094635874_vvh1xc", "cancellation_reason": "", "cancellation_notes": "", "canceled_at": null, "canceled_by": null, "is_locked": false, "payroll_period": 1, "created_at": "2025-10-25T16:41:01.041Z", "created_by": 5, "updated_at": "2025-10-25T16:56:40.751Z", "updated_by": 1, "approved_at": "2025-10-25T16:56:40.751Z", "approved_by": 1, "declined_at": null, "declined_by": null, "decline_reason": "", "available_slot": 918}}, {"model": "core.booking", "pk": 11, "fields": {"client": 10, "salesman": 12, "appointment_date": "2025-10-25", "appointment_time": "17:00:00", "duration_minutes": 15, "appointment_type": "in_person", "status": "pending", "meeting_address": "Sherwood mills stockton", "zoom_link": "", "location": "", "resort": "", "maintenance_fees": null, "mortgage_balance": null, "notes": "His business salon", "commission_amount": "50.00", "audio_file": "", "cancellation_reason": "", "cancellation_notes": "", "canceled_at": null, "canceled_by": null, "is_locked": false, "payroll_period": 1, "created_at": "2025-10-25T18:09:49.625Z", "created_by": 9, "updated_at": "2025-10-25T18:09:49.626Z", "updated_by": null, "approved_at": null, "approved_by": null, "declined_at": null, "declined_by": null, "decline_reason": "", "available_slot": 914}}, {"model": "core.booking", "pk": 15, "fields": {"client": 14, "salesman": 4, "appointment_date": "2025-10-29", "appointment_time": "21:30:05.254", "duration_minutes": 15, "appointment_type": "live_transfer", "status": "declined", "meeting_address": "", "zoom_link": "", "location": "", "resort": "HOLIDAY INN CLUB VACATIONS INCORPORATED", "maintenance_fees": "1000.00", "mortgage_balance": "40000.00", "notes": "Stated he have over 1k in maintenance fees, about 40k mortgage balance. Reason why he wanted to get out of their timeshare is because they can't get rooms whenever I want, can't use points when they can't use them, the price was unexpected, not happy with it, and think it's a scam", "commission_amount": "30.00", "audio_file": "", "cancellation_reason": "", "cancellation_notes": "", "canceled_at": null, "canceled_by": null, "is_locked": false, "payroll_period": 1, "created_at": "2025-10-29T21:30:05.255Z", "created_by": 4, "updated_at": "2025-10-30T21:42:55.513Z", "updated_by": null, "approved_at": null, "approved_by": null, "declined_at": "2025-10-30T21:42:55.513Z", "declined_by": 1, "decline_reason": "Duplicate", "available_slot": null}}, {"model": "core.booking", "pk": 16, "fields": {"client": 14, "salesman": 4, "appointment_date": "2025-10-30", "appointment_time": "21:24:37.342", "duration_minutes": 15, "appointment_type": "live_transfer", "status": "confirmed", "meeting_address": "", "zoom_link": "", "location": "", "resort": "HOLIDAY INN CLUB VACATIONS INCORPORATED", "maintenance_fees": "1000.00", "mortgage_balance": "40000.00", "notes": "He stated he couldn’t get rooms whenever he wanted, he can't use points when he can't use them,the  price was unexpected, he’s not happy, and thinks it’s a scam.", "commission_amount": "30.00", "audio_file": "", "cancellation_reason": "", "cancellation_notes": "", "canceled_at": null, "canceled_by": null, "is_locked": false, "payroll_period": 3, "created_at": "2025-10-30T21:24:37.342Z", "created_by": 4, "updated_at": "2025-10-30T21:43:12.510Z", "updated_by": null, "approved_at": "2025-10-30T21:43:12.510Z", "approved_by": 1, "declined_at": null, "declined_by": null, "decline_reason": "", "available_slot": null}}, {"model": "core.payrollperiod", "pk": 1, "fields": {"start_date": "2025-10-24", "end_date": "2025-10-30", "status": "pending", "finalized_at": null, "finalized_by": null, "notes": "", "created_at": "2025-10-24T11:28:49.447Z"}}, {"model": "core.payrollperiod", "pk": 2, "fields": {"start_date": "2025-10-17", "end_date": "2025-10-23", "status": "finalized", "finalized_at": "2025-10-25T15:43:32.404Z", "finalized_by": 1, "notes": "", "created_at": "2025-10-24T22:43:32.354Z"}}, {"model": "core.payrollperiod", "pk": 3, "fields": {"start_date": "2025-10-31", "end_date": "2025-11-06", "status": "pending", "finalized_at": null, "finalized_by": null, "notes": "", "created_at": "2025-10-30T21:24:37.439Z"}}, {"model": "core.systemconfig", "pk": 1, "fields": {"company_name": "Revenue Acceleration Unit LLC", "timezone": "UTC", "default_commission_rate_in_person": "50.00", "default_commission_rate_zoom": "30.00", "buffer_time_minutes": 30, "zoom_link": "https://us04web.zoom.us/j/77703295752?pwd=n8xdNGWmJa7mFnn1JlFwUw0C0jXNH0.1", "zoom_enabled": false, "in_person_enabled": true, "reminder_lead_time_hours": 24, "max_advance_booking_days": 90, "min_advance_booking_hours": 2, "updated_at": "2025-10-26T15:33:54.548Z", "updated_by": 1}}, {"model": "core.auditlog", "pk": 1, "fields": {"user": 1, "action": "login", "entity_type": "User", "entity_id": 1, "changes": {"username": "admin"}, "ip_address": "102.91.103.47", "user_agent": "Mozilla/5.0 (Windows NT 10.0; Win64; x64) AppleWebKit/537.36 (KHTML, like Gecko) Chrome/141.0.0.0 Safari/537.36", "timestamp": "2025-10-24T11:14:20.167Z"}}, {"model": "core.auditlog", "pk": 2, "fields": {"user": null, "action": "create", "entity_type": "User", "entity_id": 2, "changes": {"name": "Ryan Bellknapp", "email": "info@munus-solutions.us", "username": "ryanbbellknapp", "employee_id": "EMP00001"}, "ip_address": null, "user_agent": "", "timestamp": "2025-10-24T11:16:44.831Z"}}, {"model": "core.auditlog", "pk": 3, "fields": {"user": 1, "action": "logout", "entity_type": "User", "entity_id": 1, "changes": {"username": "admin"}, "ip_address": "102.91.103.47", "user_agent": "Mozilla/5.0 (Windows NT 10.0; Win64; x64) AppleWebKit/537.36 (KHTML, like Gecko) Chrome/141.0.0.0 Safari/537.36", "timestamp": "2025-10-24T11:17:07.667Z"}}, {"model": "core.auditlog", "pk": 4, "fields": {"user": 2, "action": "login", "entity_type": "User", "entity_id": 2, "changes": {"username": "ryanbbellknapp"}, "ip_address": "102.91.103.47", "user_agent": "Mozilla/5.0 (Windows NT 10.0; Win64; x64) AppleWebKit/537.36 (KHTML, like Gecko) Chrome/141.0.0.0 Safari/537.36", "timestamp": "2025-10-24T11:17:15.205Z"}}, {"model": "core.auditlog", "pk": 5, "fields": {"user": 2, "action": "logout", "entity_type": "User", "entity_id": 2, "changes": {"username": "ryanbbellknapp"}, "ip_address": "102.91.103.47", "user_agent": "Mozilla/5.0 (Windows NT 10.0; Win64; x64) AppleWebKit/537.36 (KHTML, like Gecko) Chrome/141.0.0.0 Safari/537.36", "timestamp": "2025-10-24T11:18:14.387Z"}}, {"model": "core.auditlog", "pk": 6, "fields": {"user": 2, "action": "login", "entity_type": "User", "entity_id": 2, "changes": {"username": "ryanbbellknapp"}, "ip_address": "102.91.103.47", "user_agent": "Mozilla/5.0 (Windows NT 10.0; Win64; x64) AppleWebKit/537.36 (KHTML, like Gecko) Chrome/141.0.0.0 Safari/537.36", "timestamp": "2025-10-24T11:18:26.638Z"}}, {"model": "core.auditlog", "pk": 7, "fields": {"user": 2, "action": "logout", "entity_type": "User", "entity_id": 2, "changes": {"username": "ryanbbellknapp"}, "ip_address": "102.91.103.47", "user_agent": "Mozilla/5.0 (Windows NT 10.0; Win64; x64) AppleWebKit/537.36 (KHTML, like Gecko) Chrome/141.0.0.0 Safari/537.36", "timestamp": "2025-10-24T11:18:33.312Z"}}, {"model": "core.auditlog", "pk": 8, "fields": {"user": 1, "action": "login", "entity_type": "User", "entity_id": 1, "changes": {"username": "admin"}, "ip_address": "102.91.103.47", "user_agent": "Mozilla/5.0 (Windows NT 10.0; Win64; x64) AppleWebKit/537.36 (KHTML, like Gecko) Chrome/141.0.0.0 Safari/537.36", "timestamp": "2025-10-24T11:18:35.661Z"}}, {"model": "core.auditlog", "pk": 9, "fields": {"user": 1, "action": "logout", "entity_type": "User", "entity_id": 1, "changes": {"username": "admin"}, "ip_address": "102.91.103.47", "user_agent": "Mozilla/5.0 (Windows NT 10.0; Win64; x64) AppleWebKit/537.36 (KHTML, like Gecko) Chrome/141.0.0.0 Safari/537.36", "timestamp": "2025-10-24T11:19:15.224Z"}}, {"model": "core.auditlog", "pk": 10, "fields": {"user": null, "action": "create", "entity_type": "User", "entity_id": 3, "changes": {"name": "Payton Lowe", "email": "paytonlowe@gmail.com", "username": "paytonlowe", "employee_id": "EMP00002"}, "ip_address": null, "user_agent": "", "timestamp": "2025-10-24T11:20:45.147Z"}}, {"model": "core.auditlog", "pk": 11, "fields": {"user": 3, "action": "login", "entity_type": "User", "entity_id": 3, "changes": {"username": "paytonlowe"}, "ip_address": "102.91.103.47", "user_agent": "Mozilla/5.0 (Windows NT 10.0; Win64; x64) AppleWebKit/537.36 (KHTML, like Gecko) Chrome/141.0.0.0 Safari/537.36", "timestamp": "2025-10-24T11:21:00.599Z"}}, {"model": "core.auditlog", "pk": 12, "fields": {"user": 3, "action": "logout", "entity_type": "User", "entity_id": 3, "changes": {"username": "paytonlowe"}, "ip_address": "102.91.103.47", "user_agent": "Mozilla/5.0 (Windows NT 10.0; Win64; x64) AppleWebKit/537.36 (KHTML, like Gecko) Chrome/141.0.0.0 Safari/537.36", "timestamp": "2025-10-24T11:21:16.783Z"}}, {"model": "core.auditlog", "pk": 13, "fields": {"user": null, "action": "create", "entity_type": "User", "entity_id": 4, "changes": {"name": "LaToya Scott", "email": "latoyas.lascottvirtutechsol@protonmail.com", "username": "lascott7", "employee_id": "EMP00003"}, "ip_address": null, "user_agent": "", "timestamp": "2025-10-24T11:22:24.547Z"}}, {"model": "core.auditlog", "pk": 14, "fields": {"user": null, "action": "create", "entity_type": "User", "entity_id": 5, "changes": {"name": "Cathrine Pablo", "email": "notarypro365ca@gmail.com", "username": "RAUCP", "employee_id": "EMP00004"}, "ip_address": null, "user_agent": "", "timestamp": "2025-10-24T11:23:34.004Z"}}, {"model": "core.auditlog", "pk": 15, "fields": {"user": 1, "action": "login", "entity_type": "User", "entity_id": 1, "changes": {"username": "admin"}, "ip_address": "102.91.103.47", "user_agent": "Mozilla/5.0 (Windows NT 10.0; Win64; x64) AppleWebKit/537.36 (KHTML, like Gecko) Chrome/141.0.0.0 Safari/537.36", "timestamp": "2025-10-24T11:23:49.921Z"}}, {"model": "core.auditlog", "pk": 16, "fields": {"user": 1, "action": "logout", "entity_type": "User", "entity_id": 1, "changes": {"username": "admin"}, "ip_address": "102.91.103.47", "user_agent": "Mozilla/5.0 (Windows NT 10.0; Win64; x64) AppleWebKit/537.36 (KHTML, like Gecko) Chrome/141.0.0.0 Safari/537.36", "timestamp": "2025-10-24T11:24:21.024Z"}}, {"model": "core.auditlog", "pk": 17, "fields": {"user": null, "action": "create", "entity_type": "User", "entity_id": 6, "changes": {"name": "Julian Holmes", "email": "Goldpharaoh1@gmail.com", "username": "JHOLMES888", "employee_id": "EMP00005"}, "ip_address": null, "user_agent": "", "timestamp": "2025-10-24T11:25:15.777Z"}}, {"model": "core.auditlog", "pk": 18, "fields": {"user": 1, "action": "login", "entity_type": "User", "entity_id": 1, "changes": {"username": "admin"}, "ip_address": "102.91.103.47", "user_agent": "Mozilla/5.0 (Windows NT 10.0; Win64; x64) AppleWebKit/537.36 (KHTML, like Gecko) Chrome/141.0.0.0 Safari/537.36", "timestamp": "2025-10-24T11:25:18.839Z"}}, {"model": "core.auditlog", "pk": 19, "fields": {"user": 1, "action": "logout", "entity_type": "User", "entity_id": 1, "changes": {"username": "admin"}, "ip_address": "102.91.103.47", "user_agent": "Mozilla/5.0 (Windows NT 10.0; Win64; x64) AppleWebKit/537.36 (KHTML, like Gecko) Chrome/141.0.0.0 Safari/537.36", "timestamp": "2025-10-24T11:25:35.881Z"}}, {"model": "core.auditlog", "pk": 20, "fields": {"user": 5, "action": "login", "entity_type": "User", "entity_id": 5, "changes": {"username": "RAUCP"}, "ip_address": "102.91.93.58", "user_agent": "Mozilla/5.0 (Windows NT 10.0; Win64; x64) AppleWebKit/537.36 (KHTML, like Gecko) Chrome/141.0.0.0 Safari/537.36", "timestamp": "2025-10-24T11:26:05.669Z"}}, {"model": "core.auditlog", "pk": 21, "fields": {"user": 5, "action": "create", "entity_type": "Client", "entity_id": 1, "changes": {"name": "James Tate", "email": "likeitneverhappen@gmail.com", "phone": "(919) 522-6382"}, "ip_address": null, "user_agent": "", "timestamp": "2025-10-24T11:28:49.082Z"}}, {"model": "core.auditlog", "pk": 22, "fields": {"user": null, "action": "update", "entity_type": "Booking", "entity_id": 1, "changes": {"date": "2025-10-30", "time": "09:00:00", "type": "in_person", "client": "James Tate", "status": "pending", "salesman": "Ryan Bellknapp"}, "ip_address": null, "user_agent": "", "timestamp": "2025-10-24T11:28:49.564Z"}}, {"model": "core.auditlog", "pk": 23, "fields": {"user": null, "action": "update", "entity_type": "Booking", "entity_id": 1, "changes": {"date": "2025-10-30", "time": "09:00:00", "type": "in_person", "client": "James Tate", "status": "pending", "salesman": "Ryan Bellknapp"}, "ip_address": null, "user_agent": "", "timestamp": "2025-10-24T11:28:49.593Z"}}, {"model": "core.auditlog", "pk": 24, "fields": {"user": 5, "action": "create", "entity_type": "Booking", "entity_id": 1, "changes": {"date": "2025-10-30", "time": "09:00:00", "type": "in_person", "client": "James Tate", "status": "pending", "salesman": "Ryan Bellknapp", "payroll_period": "Week of Oct 24 - Oct 30, 2025", "commission_amount": "50.00"}, "ip_address": null, "user_agent": "", "timestamp": "2025-10-24T11:28:49.762Z"}}, {"model": "core.auditlog", "pk": 25, "fields": {"user": 5, "action": "create", "entity_type": "Booking", "entity_id": 1, "changes": {"date": "2025-10-30", "time": "09:00:00", "type": "in_person", "client": "James Tate", "status": "pending", "salesman": "Ryan Bellknapp"}, "ip_address": null, "user_agent": "", "timestamp": "2025-10-24T11:28:49.791Z"}}, {"model": "core.auditlog", "pk": 26, "fields": {"user": 5, "action": "logout", "entity_type": "User", "entity_id": 5, "changes": {"username": "RAUCP"}, "ip_address": "102.91.93.58", "user_agent": "Mozilla/5.0 (Windows NT 10.0; Win64; x64) AppleWebKit/537.36 (KHTML, like Gecko) Chrome/141.0.0.0 Safari/537.36", "timestamp": "2025-10-24T11:31:24.107Z"}}, {"model": "core.auditlog", "pk": 27, "fields": {"user": 1, "action": "login", "entity_type": "User", "entity_id": 1, "changes": {"username": "admin"}, "ip_address": "102.91.93.58", "user_agent": "Mozilla/5.0 (Windows NT 10.0; Win64; x64) AppleWebKit/537.36 (KHTML, like Gecko) Chrome/141.0.0.0 Safari/537.36", "timestamp": "2025-10-24T11:31:28.131Z"}}, {"model": "core.auditlog", "pk": 28, "fields": {"user": 1, "action": "logout", "entity_type": "User", "entity_id": 1, "changes": {"username": "admin"}, "ip_address": "102.91.93.58", "user_agent": "Mozilla/5.0 (Windows NT 10.0; Win64; x64) AppleWebKit/537.36 (KHTML, like Gecko) Chrome/141.0.0.0 Safari/537.36", "timestamp": "2025-10-24T11:32:20.536Z"}}, {"model": "core.auditlog", "pk": 29, "fields": {"user": null, "action": "create", "entity_type": "User", "entity_id": 7, "changes": {"name": "Chelsea Alford", "email": "alfordchelsea1@icloud.com", "username": "Alfordchelsea1", "employee_id": "EMP00006"}, "ip_address": null, "user_agent": "", "timestamp": "2025-10-24T11:34:47.071Z"}}, {"model": "core.auditlog", "pk": 30, "fields": {"user": null, "action": "create", "entity_type": "User", "entity_id": 8, "changes": {"name": "Khalil Ross", "email": "khalilross12@gmail.com", "username": "Kross254", "employee_id": "EMP00007"}, "ip_address": null, "user_agent": "", "timestamp": "2025-10-24T11:35:52.628Z"}}, {"model": "core.auditlog", "pk": 31, "fields": {"user": null, "action": "create", "entity_type": "User", "entity_id": 9, "changes": {"name": "Nason Seng", "email": "nasonchan@icloud.com", "username": "Nasonseng", "employee_id": "EMP00008"}, "ip_address": null, "user_agent": "", "timestamp": "2025-10-24T11:36:48.450Z"}}, {"model": "core.auditlog", "pk": 32, "fields": {"user": null, "action": "create", "entity_type": "User", "entity_id": 10, "changes": {"name": "taylor harvey", "email": "tharveyblaze@gmail.com", "username": "tharvey682", "employee_id": "EMP00009"}, "ip_address": null, "user_agent": "", "timestamp": "2025-10-24T11:37:56.114Z"}}, {"model": "core.auditlog", "pk": 33, "fields": {"user": null, "action": "create", "entity_type": "User", "entity_id": 11, "changes": {"name": "Jesse Kile", "email": "jesse@activatewithin.com", "username": "JesseK", "employee_id": "EMP00010"}, "ip_address": null, "user_agent": "", "timestamp": "2025-10-24T11:39:24.283Z"}}, {"model": "core.auditlog", "pk": 34, "fields": {"user": 1, "action": "login", "entity_type": "User", "entity_id": 1, "changes": {"username": "admin"}, "ip_address": "102.91.93.58", "user_agent": "Mozilla/5.0 (Windows NT 10.0; Win64; x64) AppleWebKit/537.36 (KHTML, like Gecko) Chrome/141.0.0.0 Safari/537.36", "timestamp": "2025-10-24T11:39:40.727Z"}}, {"model": "core.auditlog", "pk": 35, "fields": {"user": null, "action": "create", "entity_type": "User", "entity_id": 12, "changes": {"name": "Joe Larsson", "email": "larssonjoe09@gmail.com", "username": "joelarsson", "employee_id": "EMP00011"}, "ip_address": null, "user_agent": "", "timestamp": "2025-10-24T11:42:30.418Z"}}, {"model": "core.auditlog", "pk": 36, "fields": {"user": 1, "action": "logout", "entity_type": "User", "entity_id": 1, "changes": {"username": "admin"}, "ip_address": "102.91.93.58", "user_agent": "Mozilla/5.0 (Windows NT 10.0; Win64; x64) AppleWebKit/537.36 (KHTML, like Gecko) Chrome/141.0.0.0 Safari/537.36", "timestamp": "2025-10-24T11:48:30.640Z"}}, {"model": "core.auditlog", "pk": 37, "fields": {"user": 4, "action": "login", "entity_type": "User", "entity_id": 4, "changes": {"username": "lascott7"}, "ip_address": "102.91.93.58", "user_agent": "Mozilla/5.0 (Windows NT 10.0; Win64; x64) AppleWebKit/537.36 (KHTML, like Gecko) Chrome/141.0.0.0 Safari/537.36", "timestamp": "2025-10-24T11:48:38.314Z"}}, {"model": "core.auditlog", "pk": 38, "fields": {"user": 4, "action": "create", "entity_type": "Client", "entity_id": 2, "changes": {"name": "Andre Cruz", "email": "homeheroesab@gmal.com", "phone": "(470) 860-2219"}, "ip_address": null, "user_agent": "", "timestamp": "2025-10-24T11:50:50.413Z"}}, {"model": "core.auditlog", "pk": 39, "fields": {"user": null, "action": "update", "entity_type": "Booking", "entity_id": 2, "changes": {"date": "2025-10-29", "time": "10:30:00", "type": "in_person", "client": "Andre Cruz", "status": "pending", "salesman": "Ryan Bellknapp"}, "ip_address": null, "user_agent": "", "timestamp": "2025-10-24T11:50:50.802Z"}}, {"model": "core.auditlog", "pk": 40, "fields": {"user": null, "action": "update", "entity_type": "Booking", "entity_id": 2, "changes": {"date": "2025-10-29", "time": "10:30:00", "type": "in_person", "client": "Andre Cruz", "status": "pending", "salesman": "Ryan Bellknapp"}, "ip_address": null, "user_agent": "", "timestamp": "2025-10-24T11:50:50.836Z"}}, {"model": "core.auditlog", "pk": 41, "fields": {"user": 4, "action": "create", "entity_type": "Booking", "entity_id": 2, "changes": {"date": "2025-10-29", "time": "10:30:00", "type": "in_person", "client": "Andre Cruz", "status": "pending", "salesman": "Ryan Bellknapp", "payroll_period": "Week of Oct 24 - Oct 30, 2025", "commission_amount": "50.00"}, "ip_address": null, "user_agent": "", "timestamp": "2025-10-24T11:50:51.008Z"}}, {"model": "core.auditlog", "pk": 42, "fields": {"user": 4, "action": "create", "entity_type": "Booking", "entity_id": 2, "changes": {"date": "2025-10-29", "time": "10:30:00", "type": "in_person", "client": "Andre Cruz", "status": "pending", "salesman": "Ryan Bellknapp"}, "ip_address": null, "user_agent": "", "timestamp": "2025-10-24T11:50:51.037Z"}}, {"model": "core.auditlog", "pk": 43, "fields": {"user": 4, "action": "logout", "entity_type": "User", "entity_id": 4, "changes": {"username": "lascott7"}, "ip_address": "102.91.93.58", "user_agent": "Mozilla/5.0 (Windows NT 10.0; Win64; x64) AppleWebKit/537.36 (KHTML, like Gecko) Chrome/141.0.0.0 Safari/537.36", "timestamp": "2025-10-24T11:51:45.889Z"}}, {"model": "core.auditlog", "pk": 44, "fields": {"user": 1, "action": "login", "entity_type": "User", "entity_id": 1, "changes": {"username": "admin"}, "ip_address": "102.91.93.58", "user_agent": "Mozilla/5.0 (Windows NT 10.0; Win64; x64) AppleWebKit/537.36 (KHTML, like Gecko) Chrome/141.0.0.0 Safari/537.36", "timestamp": "2025-10-24T11:51:49.431Z"}}, {"model": "core.auditlog", "pk": 45, "fields": {"user": null, "action": "update", "entity_type": "Booking", "entity_id": 2, "changes": {"date": "2025-10-29", "time": "10:30:00", "type": "in_person", "client": "Andre Cruz", "status": "pending", "salesman": "Ryan Bellknapp"}, "ip_address": null, "user_agent": "", "timestamp": "2025-10-24T11:57:16.656Z"}}, {"model": "core.auditlog", "pk": 46, "fields": {"user": null, "action": "update", "entity_type": "Booking", "entity_id": 2, "changes": {"date": "2025-10-29", "time": "10:30:00", "type": "in_person", "client": "Andre Cruz", "status": "pending", "salesman": "Ryan Bellknapp"}, "ip_address": null, "user_agent": "", "timestamp": "2025-10-24T11:57:16.688Z"}}, {"model": "core.auditlog", "pk": 47, "fields": {"user": 1, "action": "login", "entity_type": "User", "entity_id": 1, "changes": {"username": "admin"}, "ip_address": "24.234.77.98", "user_agent": "Mozilla/5.0 (Windows NT 10.0; Win64; x64) AppleWebKit/537.36 (KHTML, like Gecko) Chrome/141.0.0.0 Safari/537.36", "timestamp": "2025-10-24T13:25:05.245Z"}}, {"model": "core.auditlog", "pk": 48, "fields": {"user": 1, "action": "login", "entity_type": "User", "entity_id": 1, "changes": {"username": "admin"}, "ip_address": "127.0.0.1", "user_agent": "Mozilla/5.0 (Windows NT 10.0; Win64; x64) AppleWebKit/537.36 (KHTML, like Gecko) Chrome/141.0.0.0 Safari/537.36", "timestamp": "2025-10-24T14:07:35.990Z"}}, {"model": "core.auditlog", "pk": 49, "fields": {"user": 2, "action": "create", "entity_type": "AvailableTimeSlot", "entity_id": 801, "changes": {"date": "2025-10-22", "salesman": "Ryan Bellknapp", "start_time": "09:30:00", "appointment_type": "In-Person"}, "ip_address": null, "user_agent": "", "timestamp": "2025-10-24T14:18:31.281Z"}}, {"model": "core.auditlog", "pk": 50, "fields": {"user": 2, "action": "create", "entity_type": "AvailableTimeSlot", "entity_id": 802, "changes": {"date": "2025-10-22", "salesman": "Ryan Bellknapp", "start_time": "12:00:00", "appointment_type": "In-Person"}, "ip_address": null, "user_agent": "", "timestamp": "2025-10-24T14:27:47.110Z"}}, {"model": "core.auditlog", "pk": 51, "fields": {"user": 2, "action": "create", "entity_type": "AvailableTimeSlot", "entity_id": 803, "changes": {"date": "2025-10-22", "salesman": "Ryan Bellknapp", "start_time": "14:00:00", "appointment_type": "In-Person"}, "ip_address": null, "user_agent": "", "timestamp": "2025-10-24T14:43:19.840Z"}}, {"model": "core.auditlog", "pk": 52, "fields": {"user": 2, "action": "create", "entity_type": "AvailableTimeSlot", "entity_id": 804, "changes": {"date": "2025-10-23", "salesman": "Ryan Bellknapp", "start_time": "10:00:00", "appointment_type": "In-Person"}, "ip_address": null, "user_agent": "", "timestamp": "2025-10-24T14:50:49.644Z"}}, {"model": "core.auditlog", "pk": 53, "fields": {"user": 2, "action": "create", "entity_type": "AvailableTimeSlot", "entity_id": 805, "changes": {"date": "2025-10-23", "salesman": "Ryan Bellknapp", "start_time": "11:00:00", "appointment_type": "In-Person"}, "ip_address": null, "user_agent": "", "timestamp": "2025-10-24T14:52:17.901Z"}}, {"model": "core.auditlog", "pk": 54, "fields": {"user": 1, "action": "create", "entity_type": "AvailableTimeSlot", "entity_id": 806, "changes": {"date": "2025-10-25", "salesman": "Joe Larsson", "start_time": "09:00:00", "appointment_type": "In-Person"}, "ip_address": null, "user_agent": "", "timestamp": "2025-10-24T16:03:41.058Z"}}, {"model": "core.auditlog", "pk": 55, "fields": {"user": 1, "action": "create", "entity_type": "AvailableTimeSlot", "entity_id": 807, "changes": {"date": "2025-10-25", "salesman": "Joe Larsson", "start_time": "10:00:00", "appointment_type": "In-Person"}, "ip_address": null, "user_agent": "", "timestamp": "2025-10-24T16:03:58.465Z"}}, {"model": "core.auditlog", "pk": 56, "fields": {"user": 1, "action": "create", "entity_type": "AvailableTimeSlot", "entity_id": 808, "changes": {"date": "2025-10-25", "salesman": "Joe Larsson", "start_time": "11:00:00", "appointment_type": "In-Person"}, "ip_address": null, "user_agent": "", "timestamp": "2025-10-24T16:04:16.105Z"}}, {"model": "core.auditlog", "pk": 57, "fields": {"user": 1, "action": "create", "entity_type": "AvailableTimeSlot", "entity_id": 809, "changes": {"date": "2025-10-25", "salesman": "Joe Larsson", "start_time": "12:00:00", "appointment_type": "In-Person"}, "ip_address": null, "user_agent": "", "timestamp": "2025-10-24T16:04:38.270Z"}}, {"model": "core.auditlog", "pk": 58, "fields": {"user": 1, "action": "create", "entity_type": "AvailableTimeSlot", "entity_id": 810, "changes": {"date": "2025-10-25", "salesman": "Joe Larsson", "start_time": "13:00:00", "appointment_type": "In-Person"}, "ip_address": null, "user_agent": "", "timestamp": "2025-10-24T16:04:57.095Z"}}, {"model": "core.auditlog", "pk": 59, "fields": {"user": 1, "action": "create", "entity_type": "AvailableTimeSlot", "entity_id": 811, "changes": {"date": "2025-10-25", "salesman": "Joe Larsson", "start_time": "14:00:00", "appointment_type": "In-Person"}, "ip_address": null, "user_agent": "", "timestamp": "2025-10-24T16:05:14.813Z"}}, {"model": "core.auditlog", "pk": 60, "fields": {"user": 1, "action": "create", "entity_type": "AvailableTimeSlot", "entity_id": 812, "changes": {"date": "2025-10-25", "salesman": "Joe Larsson", "start_time": "15:00:00", "appointment_type": "In-Person"}, "ip_address": null, "user_agent": "", "timestamp": "2025-10-24T16:05:30.536Z"}}, {"model": "core.auditlog", "pk": 61, "fields": {"user": 1, "action": "create", "entity_type": "AvailableTimeSlot", "entity_id": 813, "changes": {"date": "2025-10-25", "salesman": "Joe Larsson", "start_time": "16:00:00", "appointment_type": "In-Person"}, "ip_address": null, "user_agent": "", "timestamp": "2025-10-24T16:05:48.753Z"}}, {"model": "core.auditlog", "pk": 62, "fields": {"user": 1, "action": "create", "entity_type": "AvailableTimeSlot", "entity_id": 814, "changes": {"date": "2025-10-25", "salesman": "Joe Larsson", "start_time": "18:00:00", "appointment_type": "In-Person"}, "ip_address": null, "user_agent": "", "timestamp": "2025-10-24T16:07:15.853Z"}}, {"model": "core.auditlog", "pk": 63, "fields": {"user": 1, "action": "create", "entity_type": "AvailableTimeSlot", "entity_id": 815, "changes": {"date": "2025-10-25", "salesman": "Joe Larsson", "start_time": "19:00:00", "appointment_type": "In-Person"}, "ip_address": null, "user_agent": "", "timestamp": "2025-10-24T16:07:34.248Z"}}, {"model": "core.auditlog", "pk": 64, "fields": {"user": 1, "action": "login", "entity_type": "User", "entity_id": 1, "changes": {"username": "admin"}, "ip_address": "102.91.102.26", "user_agent": "Mozilla/5.0 (Windows NT 10.0; Win64; x64) AppleWebKit/537.36 (KHTML, like Gecko) Chrome/141.0.0.0 Safari/537.36", "timestamp": "2025-10-24T21:21:29.524Z"}}, {"model": "core.auditlog", "pk": 65, "fields": {"user": 9, "action": "login", "entity_type": "User", "entity_id": 9, "changes": {"username": "Nasonseng"}, "ip_address": "47.155.76.160", "user_agent": "Mozilla/5.0 (Macintosh; Intel Mac OS X 10_15_7) AppleWebKit/537.36 (KHTML, like Gecko) Chrome/130.0.0.0 Safari/537.36", "timestamp": "2025-10-24T21:34:13.162Z"}}, {"model": "core.auditlog", "pk": 66, "fields": {"user": 1, "action": "logout", "entity_type": "User", "entity_id": 1, "changes": {"username": "admin"}, "ip_address": "127.0.0.1", "user_agent": "Mozilla/5.0 (Windows NT 10.0; Win64; x64) AppleWebKit/537.36 (KHTML, like Gecko) Chrome/141.0.0.0 Safari/537.36", "timestamp": "2025-10-24T21:43:07.123Z"}}, {"model": "core.auditlog", "pk": 67, "fields": {"user": 4, "action": "login", "entity_type": "User", "entity_id": 4, "changes": {"username": "lascott7"}, "ip_address": "127.0.0.1", "user_agent": "Mozilla/5.0 (Windows NT 10.0; Win64; x64) AppleWebKit/537.36 (KHTML, like Gecko) Chrome/141.0.0.0 Safari/537.36", "timestamp": "2025-10-24T21:44:59.688Z"}}, {"model": "core.auditlog", "pk": 68, "fields": {"user": 1, "action": "login", "entity_type": "User", "entity_id": 1, "changes": {"username": "admin"}, "ip_address": "127.0.0.1", "user_agent": "Mozilla/5.0 (Windows NT 10.0; Win64; x64) AppleWebKit/537.36 (KHTML, like Gecko) Chrome/141.0.0.0 Safari/537.36", "timestamp": "2025-10-24T21:47:04.008Z"}}, {"model": "core.auditlog", "pk": 69, "fields": {"user": 1, "action": "create", "entity_type": "AvailableTimeSlot", "entity_id": 816, "changes": {"date": "2025-10-23", "salesman": "Ryan Bellknapp", "start_time": "10:30:00", "appointment_type": "In-Person"}, "ip_address": null, "user_agent": "", "timestamp": "2025-10-24T21:54:51.940Z"}}, {"model": "core.auditlog", "pk": 70, "fields": {"user": 4, "action": "create", "entity_type": "Client", "entity_id": 3, "changes": {"name": "Eli", "email": "elihandy1973@gmail.com", "phone": "(860) 995-0904"}, "ip_address": null, "user_agent": "", "timestamp": "2025-10-24T22:02:11.467Z"}}, {"model": "core.auditlog", "pk": 71, "fields": {"user": null, "action": "update", "entity_type": "Booking", "entity_id": 3, "changes": {"date": "2025-10-23", "time": "10:00:00", "type": "in_person", "client": "Eli", "status": "pending", "salesman": "Ryan Bellknapp"}, "ip_address": null, "user_agent": "", "timestamp": "2025-10-24T22:02:16.312Z"}}, {"model": "core.auditlog", "pk": 72, "fields": {"user": null, "action": "update", "entity_type": "Booking", "entity_id": 3, "changes": {"date": "2025-10-23", "time": "10:00:00", "type": "in_person", "client": "Eli", "status": "pending", "salesman": "Ryan Bellknapp"}, "ip_address": null, "user_agent": "", "timestamp": "2025-10-24T22:02:16.492Z"}}, {"model": "core.auditlog", "pk": 73, "fields": {"user": 4, "action": "create", "entity_type": "Booking", "entity_id": 3, "changes": {"date": "2025-10-23", "time": "10:00:00", "type": "in_person", "client": "Eli", "status": "pending", "salesman": "Ryan Bellknapp", "payroll_period": "Week of Oct 24 - Oct 30, 2025", "commission_amount": "50.00"}, "ip_address": null, "user_agent": "", "timestamp": "2025-10-24T22:02:17.973Z"}}, {"model": "core.auditlog", "pk": 74, "fields": {"user": 4, "action": "create", "entity_type": "Booking", "entity_id": 3, "changes": {"date": "2025-10-23", "time": "10:00:00", "type": "in_person", "client": "Eli", "status": "pending", "salesman": "Ryan Bellknapp"}, "ip_address": null, "user_agent": "", "timestamp": "2025-10-24T22:02:18.171Z"}}, {"model": "core.auditlog", "pk": 75, "fields": {"user": null, "action": "update", "entity_type": "Booking", "entity_id": 3, "changes": {"date": "2025-10-23", "time": "10:00:00", "type": "in_person", "client": "Eli", "status": "confirmed", "salesman": "Ryan Bellknapp"}, "ip_address": null, "user_agent": "", "timestamp": "2025-10-24T22:37:39.342Z"}}, {"model": "core.auditlog", "pk": 76, "fields": {"user": null, "action": "update", "entity_type": "Booking", "entity_id": 3, "changes": {"date": "2025-10-23", "time": "10:00:00", "type": "in_person", "client": "Eli", "status": "confirmed", "salesman": "Ryan Bellknapp"}, "ip_address": null, "user_agent": "", "timestamp": "2025-10-24T22:37:39.547Z"}}, {"model": "core.auditlog", "pk": 77, "fields": {"user": 1, "action": "update", "entity_type": "Booking", "entity_id": 3, "changes": {"status": "confirmed", "approved_at": "2025-10-24T22:37:38.692775+00:00", "approved_by": "Admin Admin"}, "ip_address": "127.0.0.1", "user_agent": "Mozilla/5.0 (Windows NT 10.0; Win64; x64) AppleWebKit/537.36 (KHTML, like Gecko) Chrome/141.0.0.0 Safari/537.36", "timestamp": "2025-10-24T22:37:41.934Z"}}, {"model": "core.auditlog", "pk": 78, "fields": {"user": 1, "action": "login", "entity_type": "User", "entity_id": 1, "changes": {"username": "admin"}, "ip_address": "102.91.102.26", "user_agent": "Mozilla/5.0 (Windows NT 10.0; Win64; x64) AppleWebKit/537.36 (KHTML, like Gecko) Chrome/141.0.0.0 Safari/537.36", "timestamp": "2025-10-24T22:42:58.325Z"}}, {"model": "core.auditlog", "pk": 79, "fields": {"user": null, "action": "update", "entity_type": "Booking", "entity_id": 3, "changes": {"date": "2025-10-23", "time": "10:00:00", "type": "in_person", "client": "Eli", "status": "confirmed", "salesman": "Ryan Bellknapp"}, "ip_address": null, "user_agent": "", "timestamp": "2025-10-24T22:44:22.388Z"}}, {"model": "core.auditlog", "pk": 80, "fields": {"user": null, "action": "update", "entity_type": "Booking", "entity_id": 3, "changes": {"date": "2025-10-23", "time": "10:00:00", "type": "in_person", "client": "Eli", "status": "confirmed", "salesman": "Ryan Bellknapp"}, "ip_address": null, "user_agent": "", "timestamp": "2025-10-24T22:44:22.418Z"}}, {"model": "core.auditlog", "pk": 81, "fields": {"user": 4, "action": "logout", "entity_type": "User", "entity_id": 4, "changes": {"username": "lascott7"}, "ip_address": "127.0.0.1", "user_agent": "Mozilla/5.0 (Windows NT 10.0; Win64; x64) AppleWebKit/537.36 (KHTML, like Gecko) Chrome/141.0.0.0 Safari/537.36", "timestamp": "2025-10-24T23:04:19.115Z"}}, {"model": "core.auditlog", "pk": 82, "fields": {"user": 1, "action": "login", "entity_type": "User", "entity_id": 1, "changes": {"username": "admin"}, "ip_address": "127.0.0.1", "user_agent": "Mozilla/5.0 (Windows NT 10.0; Win64; x64) AppleWebKit/537.36 (KHTML, like Gecko) Chrome/141.0.0.0 Safari/537.36", "timestamp": "2025-10-24T23:04:25.321Z"}}, {"model": "core.auditlog", "pk": 83, "fields": {"user": 1, "action": "logout", "entity_type": "User", "entity_id": 1, "changes": {"username": "admin"}, "ip_address": "127.0.0.1", "user_agent": "Mozilla/5.0 (Windows NT 10.0; Win64; x64) AppleWebKit/537.36 (KHTML, like Gecko) Chrome/141.0.0.0 Safari/537.36", "timestamp": "2025-10-24T23:05:12.294Z"}}, {"model": "core.auditlog", "pk": 84, "fields": {"user": 5, "action": "login", "entity_type": "User", "entity_id": 5, "changes": {"username": "RAUCP"}, "ip_address": "127.0.0.1", "user_agent": "Mozilla/5.0 (Windows NT 10.0; Win64; x64) AppleWebKit/537.36 (KHTML, like Gecko) Chrome/141.0.0.0 Safari/537.36", "timestamp": "2025-10-24T23:05:25.513Z"}}, {"model": "core.auditlog", "pk": 85, "fields": {"user": 2, "action": "create", "entity_type": "AvailableTimeSlot", "entity_id": 817, "changes": {"date": "2025-10-23", "salesman": "Ryan Bellknapp", "start_time": "11:00:00", "appointment_type": "In-Person"}, "ip_address": null, "user_agent": "", "timestamp": "2025-10-24T23:05:59.410Z"}}, {"model": "core.auditlog", "pk": 86, "fields": {"user": 5, "action": "create", "entity_type": "Client", "entity_id": 4, "changes": {"name": "Dedra Greens", "email": "dedragreenselectrical@yahoo.com", "phone": "(864) 207-3823"}, "ip_address": null, "user_agent": "", "timestamp": "2025-10-24T23:07:33.755Z"}}, {"model": "core.auditlog", "pk": 87, "fields": {"user": null, "action": "update", "entity_type": "Booking", "entity_id": 4, "changes": {"date": "2025-10-23", "time": "11:00:00", "type": "in_person", "client": "Dedra Greens", "status": "pending", "salesman": "Ryan Bellknapp"}, "ip_address": null, "user_agent": "", "timestamp": "2025-10-24T23:07:36.010Z"}}, {"model": "core.auditlog", "pk": 88, "fields": {"user": null, "action": "update", "entity_type": "Booking", "entity_id": 4, "changes": {"date": "2025-10-23", "time": "11:00:00", "type": "in_person", "client": "Dedra Greens", "status": "pending", "salesman": "Ryan Bellknapp"}, "ip_address": null, "user_agent": "", "timestamp": "2025-10-24T23:07:36.219Z"}}, {"model": "core.auditlog", "pk": 89, "fields": {"user": 5, "action": "create", "entity_type": "Booking", "entity_id": 4, "changes": {"date": "2025-10-23", "time": "11:00:00", "type": "in_person", "client": "Dedra Greens", "status": "pending", "salesman": "Ryan Bellknapp", "payroll_period": "Week of Oct 24 - Oct 30, 2025", "commission_amount": "50.00"}, "ip_address": null, "user_agent": "", "timestamp": "2025-10-24T23:07:36.586Z"}}, {"model": "core.auditlog", "pk": 90, "fields": {"user": 5, "action": "create", "entity_type": "Booking", "entity_id": 4, "changes": {"date": "2025-10-23", "time": "11:00:00", "type": "in_person", "client": "Dedra Greens", "status": "pending", "salesman": "Ryan Bellknapp"}, "ip_address": null, "user_agent": "", "timestamp": "2025-10-24T23:07:36.756Z"}}, {"model": "core.auditlog", "pk": 91, "fields": {"user": null, "action": "update", "entity_type": "Booking", "entity_id": 4, "changes": {"date": "2025-10-23", "time": "11:00:00", "type": "in_person", "client": "Dedra Greens", "status": "confirmed", "salesman": "Ryan Bellknapp"}, "ip_address": null, "user_agent": "", "timestamp": "2025-10-24T23:08:20.993Z"}}, {"model": "core.auditlog", "pk": 92, "fields": {"user": null, "action": "update", "entity_type": "Booking", "entity_id": 4, "changes": {"date": "2025-10-23", "time": "11:00:00", "type": "in_person", "client": "Dedra Greens", "status": "confirmed", "salesman": "Ryan Bellknapp"}, "ip_address": null, "user_agent": "", "timestamp": "2025-10-24T23:08:21.171Z"}}, {"model": "core.auditlog", "pk": 93, "fields": {"user": 1, "action": "update", "entity_type": "Booking", "entity_id": 4, "changes": {"status": "confirmed", "approved_at": "2025-10-24T23:08:17.253946+00:00", "approved_by": "Admin Admin"}, "ip_address": "127.0.0.1", "user_agent": "Mozilla/5.0 (Windows NT 10.0; Win64; x64) AppleWebKit/537.36 (KHTML, like Gecko) Chrome/141.0.0.0 Safari/537.36", "timestamp": "2025-10-24T23:08:23.448Z"}}, {"model": "core.auditlog", "pk": 94, "fields": {"user": 5, "action": "logout", "entity_type": "User", "entity_id": 5, "changes": {"username": "RAUCP"}, "ip_address": "127.0.0.1", "user_agent": "Mozilla/5.0 (Windows NT 10.0; Win64; x64) AppleWebKit/537.36 (KHTML, like Gecko) Chrome/141.0.0.0 Safari/537.36", "timestamp": "2025-10-24T23:08:58.186Z"}}, {"model": "core.auditlog", "pk": 95, "fields": {"user": 5, "action": "login", "entity_type": "User", "entity_id": 5, "changes": {"username": "RAUCP"}, "ip_address": "127.0.0.1", "user_agent": "Mozilla/5.0 (Windows NT 10.0; Win64; x64) AppleWebKit/537.36 (KHTML, like Gecko) Chrome/141.0.0.0 Safari/537.36", "timestamp": "2025-10-24T23:13:02.970Z"}}, {"model": "core.auditlog", "pk": 96, "fields": {"user": 5, "action": "create", "entity_type": "Client", "entity_id": 5, "changes": {"name": "Blue Earl", "email": "allhispainting@gmail.com", "phone": "(678) 933-9219"}, "ip_address": null, "user_agent": "", "timestamp": "2025-10-24T23:14:50.197Z"}}, {"model": "core.auditlog", "pk": 97, "fields": {"user": null, "action": "update", "entity_type": "Booking", "entity_id": 5, "changes": {"date": "2025-10-22", "time": "14:00:00", "type": "in_person", "client": "Blue Earl", "status": "pending", "salesman": "Ryan Bellknapp"}, "ip_address": null, "user_agent": "", "timestamp": "2025-10-24T23:14:52.215Z"}}, {"model": "core.auditlog", "pk": 98, "fields": {"user": null, "action": "update", "entity_type": "Booking", "entity_id": 5, "changes": {"date": "2025-10-22", "time": "14:00:00", "type": "in_person", "client": "Blue Earl", "status": "pending", "salesman": "Ryan Bellknapp"}, "ip_address": null, "user_agent": "", "timestamp": "2025-10-24T23:14:52.402Z"}}, {"model": "core.auditlog", "pk": 99, "fields": {"user": 5, "action": "create", "entity_type": "Booking", "entity_id": 5, "changes": {"date": "2025-10-22", "time": "14:00:00", "type": "in_person", "client": "Blue Earl", "status": "pending", "salesman": "Ryan Bellknapp", "payroll_period": "Week of Oct 24 - Oct 30, 2025", "commission_amount": "50.00"}, "ip_address": null, "user_agent": "", "timestamp": "2025-10-24T23:14:52.803Z"}}, {"model": "core.auditlog", "pk": 100, "fields": {"user": 5, "action": "create", "entity_type": "Booking", "entity_id": 5, "changes": {"date": "2025-10-22", "time": "14:00:00", "type": "in_person", "client": "Blue Earl", "status": "pending", "salesman": "Ryan Bellknapp"}, "ip_address": null, "user_agent": "", "timestamp": "2025-10-24T23:14:53.023Z"}}, {"model": "core.auditlog", "pk": 101, "fields": {"user": null, "action": "update", "entity_type": "Booking", "entity_id": 5, "changes": {"date": "2025-10-22", "time": "14:00:00", "type": "in_person", "client": "Blue Earl", "status": "confirmed", "salesman": "Ryan Bellknapp"}, "ip_address": null, "user_agent": "", "timestamp": "2025-10-24T23:15:37.350Z"}}, {"model": "core.auditlog", "pk": 102, "fields": {"user": null, "action": "update", "entity_type": "Booking", "entity_id": 5, "changes": {"date": "2025-10-22", "time": "14:00:00", "type": "in_person", "client": "Blue Earl", "status": "confirmed", "salesman": "Ryan Bellknapp"}, "ip_address": null, "user_agent": "", "timestamp": "2025-10-24T23:15:37.535Z"}}, {"model": "core.auditlog", "pk": 103, "fields": {"user": 1, "action": "update", "entity_type": "Booking", "entity_id": 5, "changes": {"status": "confirmed", "approved_at": "2025-10-24T23:15:36.796076+00:00", "approved_by": "Admin Admin"}, "ip_address": "127.0.0.1", "user_agent": "Mozilla/5.0 (Windows NT 10.0; Win64; x64) AppleWebKit/537.36 (KHTML, like Gecko) Chrome/141.0.0.0 Safari/537.36", "timestamp": "2025-10-24T23:15:39.816Z"}}, {"model": "core.auditlog", "pk": 104, "fields": {"user": null, "action": "update", "entity_type": "Booking", "entity_id": 5, "changes": {"date": "2025-10-22", "time": "14:00:00", "type": "in_person", "client": "Blue Earl", "status": "no_show", "salesman": "Ryan Bellknapp"}, "ip_address": null, "user_agent": "", "timestamp": "2025-10-24T23:16:21.094Z"}}, {"model": "core.auditlog", "pk": 105, "fields": {"user": null, "action": "update", "entity_type": "Booking", "entity_id": 5, "changes": {"date": "2025-10-22", "time": "14:00:00", "type": "in_person", "client": "Blue Earl", "status": "no_show", "salesman": "Ryan Bellknapp"}, "ip_address": null, "user_agent": "", "timestamp": "2025-10-24T23:16:21.261Z"}}, {"model": "core.auditlog", "pk": 106, "fields": {"user": 5, "action": "create", "entity_type": "Client", "entity_id": 6, "changes": {"name": "Adame Juan", "email": "adamejuan092@gmail.com", "phone": "(678) 508-7862"}, "ip_address": null, "user_agent": "", "timestamp": "2025-10-24T23:19:10.254Z"}}, {"model": "core.auditlog", "pk": 107, "fields": {"user": null, "action": "update", "entity_type": "Booking", "entity_id": 6, "changes": {"date": "2025-10-22", "time": "12:00:00", "type": "in_person", "client": "Adame Juan", "status": "pending", "salesman": "Ryan Bellknapp"}, "ip_address": null, "user_agent": "", "timestamp": "2025-10-24T23:19:12.146Z"}}, {"model": "core.auditlog", "pk": 108, "fields": {"user": null, "action": "update", "entity_type": "Booking", "entity_id": 6, "changes": {"date": "2025-10-22", "time": "12:00:00", "type": "in_person", "client": "Adame Juan", "status": "pending", "salesman": "Ryan Bellknapp"}, "ip_address": null, "user_agent": "", "timestamp": "2025-10-24T23:19:12.337Z"}}, {"model": "core.auditlog", "pk": 109, "fields": {"user": 5, "action": "create", "entity_type": "Booking", "entity_id": 6, "changes": {"date": "2025-10-22", "time": "12:00:00", "type": "in_person", "client": "Adame Juan", "status": "pending", "salesman": "Ryan Bellknapp", "payroll_period": "Week of Oct 24 - Oct 30, 2025", "commission_amount": "50.00"}, "ip_address": null, "user_agent": "", "timestamp": "2025-10-24T23:19:12.697Z"}}, {"model": "core.auditlog", "pk": 110, "fields": {"user": 5, "action": "create", "entity_type": "Booking", "entity_id": 6, "changes": {"date": "2025-10-22", "time": "12:00:00", "type": "in_person", "client": "Adame Juan", "status": "pending", "salesman": "Ryan Bellknapp"}, "ip_address": null, "user_agent": "", "timestamp": "2025-10-24T23:19:12.913Z"}}, {"model": "core.auditlog", "pk": 111, "fields": {"user": null, "action": "update", "entity_type": "Booking", "entity_id": 6, "changes": {"date": "2025-10-22", "time": "12:00:00", "type": "in_person", "client": "Adame Juan", "status": "confirmed", "salesman": "Ryan Bellknapp"}, "ip_address": null, "user_agent": "", "timestamp": "2025-10-24T23:19:41.359Z"}}, {"model": "core.auditlog", "pk": 112, "fields": {"user": null, "action": "update", "entity_type": "Booking", "entity_id": 6, "changes": {"date": "2025-10-22", "time": "12:00:00", "type": "in_person", "client": "Adame Juan", "status": "confirmed", "salesman": "Ryan Bellknapp"}, "ip_address": null, "user_agent": "", "timestamp": "2025-10-24T23:19:41.546Z"}}, {"model": "core.auditlog", "pk": 113, "fields": {"user": 1, "action": "update", "entity_type": "Booking", "entity_id": 6, "changes": {"status": "confirmed", "approved_at": "2025-10-24T23:19:40.809295+00:00", "approved_by": "Admin Admin"}, "ip_address": "127.0.0.1", "user_agent": "Mozilla/5.0 (Windows NT 10.0; Win64; x64) AppleWebKit/537.36 (KHTML, like Gecko) Chrome/141.0.0.0 Safari/537.36", "timestamp": "2025-10-24T23:19:43.649Z"}}, {"model": "core.auditlog", "pk": 114, "fields": {"user": 5, "action": "create", "entity_type": "Client", "entity_id": 7, "changes": {"name": "Deesia Trasher", "email": "deesiat93@yahoo.com", "phone": "(678) 914-9757"}, "ip_address": null, "user_agent": "", "timestamp": "2025-10-24T23:22:43.821Z"}}, {"model": "core.auditlog", "pk": 115, "fields": {"user": null, "action": "update", "entity_type": "Booking", "entity_id": 7, "changes": {"date": "2025-10-22", "time": "09:30:00", "type": "in_person", "client": "Deesia Trasher", "status": "pending", "salesman": "Ryan Bellknapp"}, "ip_address": null, "user_agent": "", "timestamp": "2025-10-24T23:22:45.799Z"}}, {"model": "core.auditlog", "pk": 116, "fields": {"user": null, "action": "update", "entity_type": "Booking", "entity_id": 7, "changes": {"date": "2025-10-22", "time": "09:30:00", "type": "in_person", "client": "Deesia Trasher", "status": "pending", "salesman": "Ryan Bellknapp"}, "ip_address": null, "user_agent": "", "timestamp": "2025-10-24T23:22:45.979Z"}}, {"model": "core.auditlog", "pk": 117, "fields": {"user": 5, "action": "create", "entity_type": "Booking", "entity_id": 7, "changes": {"date": "2025-10-22", "time": "09:30:00", "type": "in_person", "client": "Deesia Trasher", "status": "pending", "salesman": "Ryan Bellknapp", "payroll_period": "Week of Oct 24 - Oct 30, 2025", "commission_amount": "50.00"}, "ip_address": null, "user_agent": "", "timestamp": "2025-10-24T23:22:46.342Z"}}, {"model": "core.auditlog", "pk": 118, "fields": {"user": 5, "action": "create", "entity_type": "Booking", "entity_id": 7, "changes": {"date": "2025-10-22", "time": "09:30:00", "type": "in_person", "client": "Deesia Trasher", "status": "pending", "salesman": "Ryan Bellknapp"}, "ip_address": null, "user_agent": "", "timestamp": "2025-10-24T23:22:46.502Z"}}, {"model": "core.auditlog", "pk": 119, "fields": {"user": null, "action": "update", "entity_type": "Booking", "entity_id": 7, "changes": {"date": "2025-10-22", "time": "09:30:00", "type": "in_person", "client": "Deesia Trasher", "status": "confirmed", "salesman": "Ryan Bellknapp"}, "ip_address": null, "user_agent": "", "timestamp": "2025-10-24T23:23:44.526Z"}}, {"model": "core.auditlog", "pk": 120, "fields": {"user": null, "action": "update", "entity_type": "Booking", "entity_id": 7, "changes": {"date": "2025-10-22", "time": "09:30:00", "type": "in_person", "client": "Deesia Trasher", "status": "confirmed", "salesman": "Ryan Bellknapp"}, "ip_address": null, "user_agent": "", "timestamp": "2025-10-24T23:23:44.694Z"}}, {"model": "core.auditlog", "pk": 121, "fields": {"user": 1, "action": "update", "entity_type": "Booking", "entity_id": 7, "changes": {"status": "confirmed", "approved_at": "2025-10-24T23:23:43.993188+00:00", "approved_by": "Admin Admin"}, "ip_address": "127.0.0.1", "user_agent": "Mozilla/5.0 (Windows NT 10.0; Win64; x64) AppleWebKit/537.36 (KHTML, like Gecko) Chrome/141.0.0.0 Safari/537.36", "timestamp": "2025-10-24T23:23:46.980Z"}}, {"model": "core.auditlog", "pk": 122, "fields": {"user": null, "action": "update", "entity_type": "Booking", "entity_id": 6, "changes": {"date": "2025-10-22", "time": "12:00:00", "type": "in_person", "client": "Adame Juan", "status": "no_show", "salesman": "Ryan Bellknapp"}, "ip_address": null, "user_agent": "", "timestamp": "2025-10-24T23:25:02.280Z"}}, {"model": "core.auditlog", "pk": 123, "fields": {"user": null, "action": "update", "entity_type": "Booking", "entity_id": 6, "changes": {"date": "2025-10-22", "time": "12:00:00", "type": "in_person", "client": "Adame Juan", "status": "no_show", "salesman": "Ryan Bellknapp"}, "ip_address": null, "user_agent": "", "timestamp": "2025-10-24T23:25:02.455Z"}}, {"model": "core.auditlog", "pk": 124, "fields": {"user": null, "action": "update", "entity_type": "Booking", "entity_id": 7, "changes": {"date": "2025-10-22", "time": "09:30:00", "type": "in_person", "client": "Deesia Trasher", "status": "no_show", "salesman": "Ryan Bellknapp"}, "ip_address": null, "user_agent": "", "timestamp": "2025-10-24T23:25:16.305Z"}}, {"model": "core.auditlog", "pk": 125, "fields": {"user": null, "action": "update", "entity_type": "Booking", "entity_id": 7, "changes": {"date": "2025-10-22", "time": "09:30:00", "type": "in_person", "client": "Deesia Trasher", "status": "no_show", "salesman": "Ryan Bellknapp"}, "ip_address": null, "user_agent": "", "timestamp": "2025-10-24T23:25:16.474Z"}}, {"model": "core.auditlog", "pk": 126, "fields": {"user": 5, "action": "logout", "entity_type": "User", "entity_id": 5, "changes": {"username": "RAUCP"}, "ip_address": "127.0.0.1", "user_agent": "Mozilla/5.0 (Windows NT 10.0; Win64; x64) AppleWebKit/537.36 (KHTML, like Gecko) Chrome/141.0.0.0 Safari/537.36", "timestamp": "2025-10-25T00:06:52.279Z"}}, {"model": "core.auditlog", "pk": 127, "fields": {"user": 7, "action": "login", "entity_type": "User", "entity_id": 7, "changes": {"username": "Alfordchelsea1"}, "ip_address": "127.0.0.1", "user_agent": "Mozilla/5.0 (Windows NT 10.0; Win64; x64) AppleWebKit/537.36 (KHTML, like Gecko) Chrome/141.0.0.0 Safari/537.36", "timestamp": "2025-10-25T00:07:06.626Z"}}, {"model": "core.auditlog", "pk": 128, "fields": {"user": 7, "action": "create", "entity_type": "Client", "entity_id": 8, "changes": {"name": "Shirley Wysingle", "email": "wysingleshirley5@gmail.com", "phone": "(708) 668-5448"}, "ip_address": null, "user_agent": "", "timestamp": "2025-10-25T00:10:30.960Z"}}, {"model": "core.auditlog", "pk": 129, "fields": {"user": null, "action": "update", "entity_type": "Booking", "entity_id": 8, "changes": {"date": "2025-10-24", "time": "18:30:00", "type": "in_person", "client": "Shirley Wysingle", "status": "pending", "salesman": "Ryan Bellknapp"}, "ip_address": null, "user_agent": "", "timestamp": "2025-10-25T00:10:33.769Z"}}, {"model": "core.auditlog", "pk": 130, "fields": {"user": null, "action": "update", "entity_type": "Booking", "entity_id": 8, "changes": {"date": "2025-10-24", "time": "18:30:00", "type": "in_person", "client": "Shirley Wysingle", "status": "pending", "salesman": "Ryan Bellknapp"}, "ip_address": null, "user_agent": "", "timestamp": "2025-10-25T00:10:33.953Z"}}, {"model": "core.auditlog", "pk": 131, "fields": {"user": 7, "action": "create", "entity_type": "Booking", "entity_id": 8, "changes": {"date": "2025-10-24", "time": "18:30:00", "type": "in_person", "client": "Shirley Wysingle", "status": "pending", "salesman": "Ryan Bellknapp", "payroll_period": "Week of Oct 24 - Oct 30, 2025", "commission_amount": "50.00"}, "ip_address": null, "user_agent": "", "timestamp": "2025-10-25T00:10:34.323Z"}}, {"model": "core.auditlog", "pk": 132, "fields": {"user": 7, "action": "create", "entity_type": "Booking", "entity_id": 8, "changes": {"date": "2025-10-24", "time": "18:30:00", "type": "in_person", "client": "Shirley Wysingle", "status": "pending", "salesman": "Ryan Bellknapp"}, "ip_address": null, "user_agent": "", "timestamp": "2025-10-25T00:10:34.501Z"}}, {"model": "core.auditlog", "pk": 133, "fields": {"user": null, "action": "update", "entity_type": "Booking", "entity_id": 9, "changes": {"date": "2025-10-31", "time": "17:00:00", "type": "in_person", "client": "Shirley Wysingle", "status": "pending", "salesman": "Ryan Bellknapp"}, "ip_address": null, "user_agent": "", "timestamp": "2025-10-25T00:15:01.595Z"}}, {"model": "core.auditlog", "pk": 134, "fields": {"user": null, "action": "update", "entity_type": "Booking", "entity_id": 9, "changes": {"date": "2025-10-31", "time": "17:00:00", "type": "in_person", "client": "Shirley Wysingle", "status": "pending", "salesman": "Ryan Bellknapp"}, "ip_address": null, "user_agent": "", "timestamp": "2025-10-25T00:15:01.780Z"}}, {"model": "core.auditlog", "pk": 135, "fields": {"user": 7, "action": "create", "entity_type": "Booking", "entity_id": 9, "changes": {"date": "2025-10-31", "time": "17:00:00", "type": "in_person", "client": "Shirley Wysingle", "status": "pending", "salesman": "Ryan Bellknapp", "payroll_period": "Week of Oct 24 - Oct 30, 2025", "commission_amount": "50.00"}, "ip_address": null, "user_agent": "", "timestamp": "2025-10-25T00:15:02.817Z"}}, {"model": "core.auditlog", "pk": 136, "fields": {"user": 7, "action": "create", "entity_type": "Booking", "entity_id": 9, "changes": {"date": "2025-10-31", "time": "17:00:00", "type": "in_person", "client": "Shirley Wysingle", "status": "pending", "salesman": "Ryan Bellknapp"}, "ip_address": null, "user_agent": "", "timestamp": "2025-10-25T00:15:03.221Z"}}, {"model": "core.auditlog", "pk": 137, "fields": {"user": 7, "action": "logout", "entity_type": "User", "entity_id": 7, "changes": {"username": "Alfordchelsea1"}, "ip_address": "127.0.0.1", "user_agent": "Mozilla/5.0 (Windows NT 10.0; Win64; x64) AppleWebKit/537.36 (KHTML, like Gecko) Chrome/141.0.0.0 Safari/537.36", "timestamp": "2025-10-25T00:16:15.050Z"}}, {"model": "core.auditlog", "pk": 138, "fields": {"user": 4, "action": "login", "entity_type": "User", "entity_id": 4, "changes": {"username": "lascott7"}, "ip_address": "127.0.0.1", "user_agent": "Mozilla/5.0 (Windows NT 10.0; Win64; x64) AppleWebKit/537.36 (KHTML, like Gecko) Chrome/141.0.0.0 Safari/537.36", "timestamp": "2025-10-25T00:16:33.909Z"}}, {"model": "core.auditlog", "pk": 139, "fields": {"user": null, "action": "update", "entity_type": "Booking", "entity_id": 8, "changes": {"date": "2025-10-24", "time": "18:30:00", "type": "in_person", "client": "Shirley Wysingle", "status": "declined", "salesman": "Ryan Bellknapp"}, "ip_address": null, "user_agent": "", "timestamp": "2025-10-25T00:16:56.837Z"}}, {"model": "core.auditlog", "pk": 140, "fields": {"user": null, "action": "update", "entity_type": "Booking", "entity_id": 8, "changes": {"date": "2025-10-24", "time": "18:30:00", "type": "in_person", "client": "Shirley Wysingle", "status": "declined", "salesman": "Ryan Bellknapp"}, "ip_address": null, "user_agent": "", "timestamp": "2025-10-25T00:16:56.874Z"}}, {"model": "core.auditlog", "pk": 141, "fields": {"user": 1, "action": "update", "entity_type": "Booking", "entity_id": 8, "changes": {"status": "declined", "declined_at": "2025-10-25T00:16:56.728881+00:00", "declined_by": "Admin Admin", "decline_reason": "Duplicate."}, "ip_address": "24.234.77.98", "user_agent": "Mozilla/5.0 (Windows NT 10.0; Win64; x64) AppleWebKit/537.36 (KHTML, like Gecko) Chrome/141.0.0.0 Safari/537.36", "timestamp": "2025-10-25T00:16:57.067Z"}}, {"model": "core.auditlog", "pk": 142, "fields": {"user": null, "action": "update", "entity_type": "Booking", "entity_id": 9, "changes": {"date": "2025-10-31", "time": "17:00:00", "type": "in_person", "client": "Shirley Wysingle", "status": "declined", "salesman": "Ryan Bellknapp"}, "ip_address": null, "user_agent": "", "timestamp": "2025-10-25T00:20:32.936Z"}}, {"model": "core.auditlog", "pk": 143, "fields": {"user": null, "action": "update", "entity_type": "Booking", "entity_id": 9, "changes": {"date": "2025-10-31", "time": "17:00:00", "type": "in_person", "client": "Shirley Wysingle", "status": "declined", "salesman": "Ryan Bellknapp"}, "ip_address": null, "user_agent": "", "timestamp": "2025-10-25T00:20:32.971Z"}}, {"model": "core.auditlog", "pk": 144, "fields": {"user": 1, "action": "update", "entity_type": "Booking", "entity_id": 9, "changes": {"status": "declined", "declined_at": "2025-10-25T00:20:32.832816+00:00", "declined_by": "Admin Admin", "decline_reason": "Incorrect State."}, "ip_address": "24.234.77.98", "user_agent": "Mozilla/5.0 (Windows NT 10.0; Win64; x64) AppleWebKit/537.36 (KHTML, like Gecko) Chrome/141.0.0.0 Safari/537.36", "timestamp": "2025-10-25T00:20:33.141Z"}}, {"model": "core.auditlog", "pk": 145, "fields": {"user": 4, "action": "logout", "entity_type": "User", "entity_id": 4, "changes": {"username": "lascott7"}, "ip_address": "127.0.0.1", "user_agent": "Mozilla/5.0 (Windows NT 10.0; Win64; x64) AppleWebKit/537.36 (KHTML, like Gecko) Chrome/141.0.0.0 Safari/537.36", "timestamp": "2025-10-25T00:39:07.900Z"}}, {"model": "core.auditlog", "pk": 146, "fields": {"user": 5, "action": "login", "entity_type": "User", "entity_id": 5, "changes": {"username": "RAUCP"}, "ip_address": "127.0.0.1", "user_agent": "Mozilla/5.0 (Windows NT 10.0; Win64; x64) AppleWebKit/537.36 (KHTML, like Gecko) Chrome/141.0.0.0 Safari/537.36", "timestamp": "2025-10-25T00:39:22.471Z"}}, {"model": "core.auditlog", "pk": 147, "fields": {"user": 1, "action": "logout", "entity_type": "User", "entity_id": 1, "changes": {"username": "admin"}, "ip_address": "127.0.0.1", "user_agent": "Mozilla/5.0 (Windows NT 10.0; Win64; x64) AppleWebKit/537.36 (KHTML, like Gecko) Chrome/141.0.0.0 Safari/537.36", "timestamp": "2025-10-25T00:50:30.903Z"}}, {"model": "core.auditlog", "pk": 148, "fields": {"user": 5, "action": "logout", "entity_type": "User", "entity_id": 5, "changes": {"username": "RAUCP"}, "ip_address": "127.0.0.1", "user_agent": "Mozilla/5.0 (Windows NT 10.0; Win64; x64) AppleWebKit/537.36 (KHTML, like Gecko) Chrome/141.0.0.0 Safari/537.36", "timestamp": "2025-10-25T00:51:27.327Z"}}, {"model": "core.auditlog", "pk": 149, "fields": {"user": 1, "action": "login", "entity_type": "User", "entity_id": 1, "changes": {"username": "admin"}, "ip_address": "127.0.0.1", "user_agent": "Mozilla/5.0 (Windows NT 10.0; Win64; x64) AppleWebKit/537.36 (KHTML, like Gecko) Chrome/141.0.0.0 Safari/537.36", "timestamp": "2025-10-25T00:51:34.019Z"}}, {"model": "core.auditlog", "pk": 150, "fields": {"user": 12, "action": "login", "entity_type": "User", "entity_id": 12, "changes": {"username": "joelarsson"}, "ip_address": "127.0.0.1", "user_agent": "Mozilla/5.0 (Windows NT 10.0; Win64; x64) AppleWebKit/537.36 (KHTML, like Gecko) Chrome/141.0.0.0 Safari/537.36", "timestamp": "2025-10-25T00:52:09.087Z"}}, {"model": "core.auditlog", "pk": 151, "fields": {"user": 1, "action": "login", "entity_type": "User", "entity_id": 1, "changes": {"username": "admin"}, "ip_address": "127.0.0.1", "user_agent": "Mozilla/5.0 (Windows NT 10.0; Win64; x64) AppleWebKit/537.36 (KHTML, like Gecko) Chrome/141.0.0.0 Safari/537.36", "timestamp": "2025-10-25T05:34:06.125Z"}}, {"model": "core.auditlog", "pk": 152, "fields": {"user": 1, "action": "logout", "entity_type": "User", "entity_id": 1, "changes": {"username": "admin"}, "ip_address": "127.0.0.1", "user_agent": "Mozilla/5.0 (Windows NT 10.0; Win64; x64) AppleWebKit/537.36 (KHTML, like Gecko) Chrome/141.0.0.0 Safari/537.36", "timestamp": "2025-10-25T05:35:55.278Z"}}, {"model": "core.auditlog", "pk": 153, "fields": {"user": 2, "action": "login", "entity_type": "User", "entity_id": 2, "changes": {"username": "ryanbbellknapp"}, "ip_address": "127.0.0.1", "user_agent": "Mozilla/5.0 (Windows NT 10.0; Win64; x64) AppleWebKit/537.36 (KHTML, like Gecko) Chrome/141.0.0.0 Safari/537.36", "timestamp": "2025-10-25T05:36:09.770Z"}}, {"model": "core.auditlog", "pk": 154, "fields": {"user": 1, "action": "login", "entity_type": "User", "entity_id": 1, "changes": {"username": "admin"}, "ip_address": "129.205.124.230", "user_agent": "Mozilla/5.0 (Linux; Android 10; K) AppleWebKit/537.36 (KHTML, like Gecko) Chrome/141.0.0.0 Mobile Safari/537.36", "timestamp": "2025-10-25T05:53:33.371Z"}}, {"model": "core.auditlog", "pk": 155, "fields": {"user": 1, "action": "login", "entity_type": "User", "entity_id": 1, "changes": {"username": "admin"}, "ip_address": "129.205.124.230", "user_agent": "Mozilla/5.0 (Windows NT 10.0; Win64; x64) AppleWebKit/537.36 (KHTML, like Gecko) Chrome/141.0.0.0 Safari/537.36", "timestamp": "2025-10-25T07:09:54.762Z"}}, {"model": "core.auditlog", "pk": 156, "fields": {"user": 1, "action": "login", "entity_type": "User", "entity_id": 1, "changes": {"username": "admin"}, "ip_address": "129.205.124.230", "user_agent": "Mozilla/5.0 (X11; Linux x86_64) AppleWebKit/537.36 (KHTML, like Gecko) Chrome/141.0.0.0 Safari/537.36", "timestamp": "2025-10-25T07:21:27.721Z"}}, {"model": "core.auditlog", "pk": 157, "fields": {"user": 1, "action": "login", "entity_type": "User", "entity_id": 1, "changes": {"username": "admin"}, "ip_address": "129.205.124.230", "user_agent": "Mozilla/5.0 (Linux; Android 10; K) AppleWebKit/537.36 (KHTML, like Gecko) Chrome/141.0.0.0 Mobile Safari/537.36", "timestamp": "2025-10-25T12:17:06.524Z"}}, {"model": "core.auditlog", "pk": 158, "fields": {"user": 1, "action": "logout", "entity_type": "User", "entity_id": 1, "changes": {"username": "admin"}, "ip_address": "129.205.124.230", "user_agent": "Mozilla/5.0 (Linux; Android 10; K) AppleWebKit/537.36 (KHTML, like Gecko) Chrome/141.0.0.0 Mobile Safari/537.36", "timestamp": "2025-10-25T12:18:51.288Z"}}, {"model": "core.auditlog", "pk": 159, "fields": {"user": 7, "action": "login", "entity_type": "User", "entity_id": 7, "changes": {"username": "Alfordchelsea1"}, "ip_address": "129.205.124.230", "user_agent": "Mozilla/5.0 (Linux; Android 10; K) AppleWebKit/537.36 (KHTML, like Gecko) Chrome/141.0.0.0 Mobile Safari/537.36", "timestamp": "2025-10-25T12:19:04.978Z"}}, {"model": "core.auditlog", "pk": 160, "fields": {"user": 1, "action": "login", "entity_type": "User", "entity_id": 1, "changes": {"username": "admin"}, "ip_address": "129.205.124.230", "user_agent": "Mozilla/5.0 (Linux; Android 10; K) AppleWebKit/537.36 (KHTML, like Gecko) Chrome/141.0.0.0 Mobile Safari/537.36", "timestamp": "2025-10-25T14:55:49.119Z"}}, {"model": "core.auditlog", "pk": 161, "fields": {"user": 1, "action": "logout", "entity_type": "User", "entity_id": 1, "changes": {"username": "admin"}, "ip_address": "129.205.124.230", "user_agent": "Mozilla/5.0 (Linux; Android 10; K) AppleWebKit/537.36 (KHTML, like Gecko) Chrome/141.0.0.0 Mobile Safari/537.36", "timestamp": "2025-10-25T14:56:14.688Z"}}, {"model": "core.auditlog", "pk": 162, "fields": {"user": 5, "action": "login", "entity_type": "User", "entity_id": 5, "changes": {"username": "RAUCP"}, "ip_address": "129.205.124.230", "user_agent": "Mozilla/5.0 (Linux; Android 10; K) AppleWebKit/537.36 (KHTML, like Gecko) Chrome/141.0.0.0 Mobile Safari/537.36", "timestamp": "2025-10-25T14:56:30.915Z"}}, {"model": "core.auditlog", "pk": 163, "fields": {"user": 5, "action": "logout", "entity_type": "User", "entity_id": 5, "changes": {"username": "RAUCP"}, "ip_address": "129.205.124.230", "user_agent": "Mozilla/5.0 (X11; Linux x86_64) AppleWebKit/537.36 (KHTML, like Gecko) Chrome/141.0.0.0 Safari/537.36", "timestamp": "2025-10-25T14:57:30.309Z"}}, {"model": "core.auditlog", "pk": 164, "fields": {"user": 1, "action": "login", "entity_type": "User", "entity_id": 1, "changes": {"username": "admin"}, "ip_address": "129.205.124.230", "user_agent": "Mozilla/5.0 (X11; Linux x86_64) AppleWebKit/537.36 (KHTML, like Gecko) Chrome/141.0.0.0 Safari/537.36", "timestamp": "2025-10-25T14:57:46.667Z"}}, {"model": "core.auditlog", "pk": 165, "fields": {"user": 1, "action": "login", "entity_type": "User", "entity_id": 1, "changes": {"username": "admin"}, "ip_address": "129.205.124.230", "user_agent": "Mozilla/5.0 (Windows NT 10.0; Win64; x64) AppleWebKit/537.36 (KHTML, like Gecko) Chrome/141.0.0.0 Safari/537.36", "timestamp": "2025-10-25T15:03:30.379Z"}}, {"model": "core.auditlog", "pk": 166, "fields": {"user": 1, "action": "login", "entity_type": "User", "entity_id": 1, "changes": {"username": "admin"}, "ip_address": "127.0.0.1", "user_agent": "Mozilla/5.0 (Windows NT 10.0; Win64; x64) AppleWebKit/537.36 (KHTML, like Gecko) Chrome/141.0.0.0 Safari/537.36", "timestamp": "2025-10-25T15:14:38.519Z"}}, {"model": "core.auditlog", "pk": 167, "fields": {"user": null, "action": "update", "entity_type": "Booking", "entity_id": 7, "changes": {"date": "2025-10-22", "time": "09:30:00", "type": "in_person", "client": "Deesia Trasher", "status": "no_show", "salesman": "Ryan Bellknapp"}, "ip_address": null, "user_agent": "", "timestamp": "2025-10-25T15:31:02.882Z"}}, {"model": "core.auditlog", "pk": 168, "fields": {"user": null, "action": "update", "entity_type": "Booking", "entity_id": 7, "changes": {"date": "2025-10-22", "time": "09:30:00", "type": "in_person", "client": "Deesia Trasher", "status": "no_show", "salesman": "Ryan Bellknapp"}, "ip_address": null, "user_agent": "", "timestamp": "2025-10-25T15:31:03.117Z"}}, {"model": "core.auditlog", "pk": 169, "fields": {"user": null, "action": "update", "entity_type": "Booking", "entity_id": 7, "changes": {"date": "2025-10-22", "time": "09:30:00", "type": "in_person", "client": "Deesia Trasher", "status": "no_show", "salesman": "Ryan Bellknapp"}, "ip_address": null, "user_agent": "", "timestamp": "2025-10-25T15:33:41.097Z"}}, {"model": "core.auditlog", "pk": 170, "fields": {"user": null, "action": "update", "entity_type": "Booking", "entity_id": 7, "changes": {"date": "2025-10-22", "time": "09:30:00", "type": "in_person", "client": "Deesia Trasher", "status": "no_show", "salesman": "Ryan Bellknapp"}, "ip_address": null, "user_agent": "", "timestamp": "2025-10-25T15:33:41.127Z"}}, {"model": "core.auditlog", "pk": 171, "fields": {"user": null, "action": "update", "entity_type": "Booking", "entity_id": 6, "changes": {"date": "2025-10-22", "time": "12:00:00", "type": "in_person", "client": "Adame Juan", "status": "no_show", "salesman": "Ryan Bellknapp"}, "ip_address": null, "user_agent": "", "timestamp": "2025-10-25T15:34:26.661Z"}}, {"model": "core.auditlog", "pk": 172, "fields": {"user": null, "action": "update", "entity_type": "Booking", "entity_id": 6, "changes": {"date": "2025-10-22", "time": "12:00:00", "type": "in_person", "client": "Adame Juan", "status": "no_show", "salesman": "Ryan Bellknapp"}, "ip_address": null, "user_agent": "", "timestamp": "2025-10-25T15:34:26.829Z"}}, {"model": "core.auditlog", "pk": 173, "fields": {"user": null, "action": "update", "entity_type": "Booking", "entity_id": 5, "changes": {"date": "2025-10-22", "time": "14:00:00", "type": "in_person", "client": "Blue Earl", "status": "no_show", "salesman": "Ryan Bellknapp"}, "ip_address": null, "user_agent": "", "timestamp": "2025-10-25T15:35:07.678Z"}}, {"model": "core.auditlog", "pk": 174, "fields": {"user": null, "action": "update", "entity_type": "Booking", "entity_id": 5, "changes": {"date": "2025-10-22", "time": "14:00:00", "type": "in_person", "client": "Blue Earl", "status": "no_show", "salesman": "Ryan Bellknapp"}, "ip_address": null, "user_agent": "", "timestamp": "2025-10-25T15:35:07.857Z"}}, {"model": "core.auditlog", "pk": 175, "fields": {"user": null, "action": "update", "entity_type": "Booking", "entity_id": 3, "changes": {"date": "2025-10-23", "time": "10:00:00", "type": "in_person", "client": "Eli", "status": "confirmed", "salesman": "Ryan Bellknapp"}, "ip_address": null, "user_agent": "", "timestamp": "2025-10-25T15:37:13.312Z"}}, {"model": "core.auditlog", "pk": 176, "fields": {"user": null, "action": "update", "entity_type": "Booking", "entity_id": 3, "changes": {"date": "2025-10-23", "time": "10:00:00", "type": "in_person", "client": "Eli", "status": "confirmed", "salesman": "Ryan Bellknapp"}, "ip_address": null, "user_agent": "", "timestamp": "2025-10-25T15:37:13.921Z"}}, {"model": "core.auditlog", "pk": 177, "fields": {"user": null, "action": "update", "entity_type": "Booking", "entity_id": 4, "changes": {"date": "2025-10-23", "time": "11:00:00", "type": "in_person", "client": "Dedra Greens", "status": "confirmed", "salesman": "Ryan Bellknapp"}, "ip_address": null, "user_agent": "", "timestamp": "2025-10-25T15:38:22.663Z"}}, {"model": "core.auditlog", "pk": 178, "fields": {"user": null, "action": "update", "entity_type": "Booking", "entity_id": 4, "changes": {"date": "2025-10-23", "time": "11:00:00", "type": "in_person", "client": "Dedra Greens", "status": "confirmed", "salesman": "Ryan Bellknapp"}, "ip_address": null, "user_agent": "", "timestamp": "2025-10-25T15:38:22.902Z"}}, {"model": "core.auditlog", "pk": 179, "fields": {"user": 1, "action": "logout", "entity_type": "User", "entity_id": 1, "changes": {"username": "admin"}, "ip_address": "127.0.0.1", "user_agent": "Mozilla/5.0 (Windows NT 10.0; Win64; x64) AppleWebKit/537.36 (KHTML, like Gecko) Chrome/141.0.0.0 Safari/537.36", "timestamp": "2025-10-25T15:41:32.360Z"}}, {"model": "core.auditlog", "pk": 180, "fields": {"user": 1, "action": "login", "entity_type": "User", "entity_id": 1, "changes": {"username": "admin"}, "ip_address": "127.0.0.1", "user_agent": "Mozilla/5.0 (Windows NT 10.0; Win64; x64) AppleWebKit/537.36 (KHTML, like Gecko) Chrome/141.0.0.0 Safari/537.36", "timestamp": "2025-10-25T15:41:41.388Z"}}, {"model": "core.auditlog", "pk": 181, "fields": {"user": 1, "action": "logout", "entity_type": "User", "entity_id": 1, "changes": {"username": "admin"}, "ip_address": "127.0.0.1", "user_agent": "Mozilla/5.0 (Windows NT 10.0; Win64; x64) AppleWebKit/537.36 (KHTML, like Gecko) Chrome/141.0.0.0 Safari/537.36", "timestamp": "2025-10-25T15:42:13.372Z"}}, {"model": "core.auditlog", "pk": 182, "fields": {"user": 5, "action": "login", "entity_type": "User", "entity_id": 5, "changes": {"username": "RAUCP"}, "ip_address": "127.0.0.1", "user_agent": "Mozilla/5.0 (Windows NT 10.0; Win64; x64) AppleWebKit/537.36 (KHTML, like Gecko) Chrome/141.0.0.0 Safari/537.36", "timestamp": "2025-10-25T15:42:23.959Z"}}, {"model": "core.auditlog", "pk": 183, "fields": {"user": 1, "action": "finalize", "entity_type": "PayrollPeriod", "entity_id": 2, "changes": {"status": "finalized", "end_date": "2025-10-23", "start_date": "2025-10-17"}, "ip_address": null, "user_agent": "", "timestamp": "2025-10-25T15:43:32.436Z"}}, {"model": "core.auditlog", "pk": 184, "fields": {"user": 5, "action": "login", "entity_type": "User", "entity_id": 5, "changes": {"username": "RAUCP"}, "ip_address": "76.33.34.153", "user_agent": "Mozilla/5.0 (Macintosh; Intel Mac OS X 10_15_7) AppleWebKit/537.36 (KHTML, like Gecko) Chrome/141.0.0.0 Safari/537.36", "timestamp": "2025-10-25T16:19:30.294Z"}}, {"model": "core.auditlog", "pk": 185, "fields": {"user": 1, "action": "login", "entity_type": "User", "entity_id": 1, "changes": {"username": "admin"}, "ip_address": "24.234.77.98", "user_agent": "Mozilla/5.0 (Windows NT 10.0; Win64; x64) AppleWebKit/537.36 (KHTML, like Gecko) Chrome/141.0.0.0 Safari/537.36", "timestamp": "2025-10-25T16:33:04.447Z"}}, {"model": "core.auditlog", "pk": 186, "fields": {"user": 1, "action": "create", "entity_type": "AvailableTimeSlot", "entity_id": 918, "changes": {"date": "2025-10-26", "salesman": "Joe Larsson", "start_time": "09:30:00", "appointment_type": "In-Person"}, "ip_address": null, "user_agent": "", "timestamp": "2025-10-25T16:37:17.505Z"}}, {"model": "core.auditlog", "pk": 187, "fields": {"user": 5, "action": "create", "entity_type": "Client", "entity_id": 9, "changes": {"name": "Mike Ali", "email": "none@none.com", "phone": "(209) 463-5874"}, "ip_address": null, "user_agent": "", "timestamp": "2025-10-25T16:41:00.895Z"}}, {"model": "core.auditlog", "pk": 188, "fields": {"user": null, "action": "update", "entity_type": "Booking", "entity_id": 10, "changes": {"date": "2025-10-26", "time": "09:30:00", "type": "in_person", "client": "Mike Ali", "status": "pending", "salesman": "Joe Larsson"}, "ip_address": null, "user_agent": "", "timestamp": "2025-10-25T16:41:01.240Z"}}, {"model": "core.auditlog", "pk": 189, "fields": {"user": null, "action": "update", "entity_type": "Booking", "entity_id": 10, "changes": {"date": "2025-10-26", "time": "09:30:00", "type": "in_person", "client": "Mike Ali", "status": "pending", "salesman": "Joe Larsson"}, "ip_address": null, "user_agent": "", "timestamp": "2025-10-25T16:41:01.268Z"}}, {"model": "core.auditlog", "pk": 190, "fields": {"user": 5, "action": "create", "entity_type": "Booking", "entity_id": 10, "changes": {"date": "2025-10-26", "time": "09:30:00", "type": "in_person", "client": "Mike Ali", "status": "pending", "salesman": "Joe Larsson", "payroll_period": "Week of Oct 24 - Oct 30, 2025", "commission_amount": "50.00"}, "ip_address": null, "user_agent": "", "timestamp": "2025-10-25T16:41:01.325Z"}}, {"model": "core.auditlog", "pk": 191, "fields": {"user": 5, "action": "create", "entity_type": "Booking", "entity_id": 10, "changes": {"date": "2025-10-26", "time": "09:30:00", "type": "in_person", "client": "Mike Ali", "status": "pending", "salesman": "Joe Larsson"}, "ip_address": null, "user_agent": "", "timestamp": "2025-10-25T16:41:01.354Z"}}, {"model": "core.auditlog", "pk": 192, "fields": {"user": 1, "action": "update", "entity_type": "Booking", "entity_id": 10, "changes": {"date": "2025-10-27", "time": "09:30:00", "type": "in_person", "client": "Mike Ali", "status": "pending", "salesman": "Joe Larsson"}, "ip_address": null, "user_agent": "", "timestamp": "2025-10-25T16:56:15.281Z"}}, {"model": "core.auditlog", "pk": 193, "fields": {"user": 1, "action": "update", "entity_type": "Booking", "entity_id": 10, "changes": {"date": "2025-10-27", "time": "09:30:00", "type": "in_person", "client": "Mike Ali", "status": "pending", "salesman": "Joe Larsson"}, "ip_address": null, "user_agent": "", "timestamp": "2025-10-25T16:56:15.332Z"}}, {"model": "core.auditlog", "pk": 194, "fields": {"user": 1, "action": "update", "entity_type": "Booking", "entity_id": 10, "changes": {"date": "2025-10-27", "time": "09:30:00", "type": "in_person", "client": "Mike Ali", "status": "pending", "salesman": "Joe Larsson"}, "ip_address": null, "user_agent": "", "timestamp": "2025-10-25T16:56:26.829Z"}}, {"model": "core.auditlog", "pk": 195, "fields": {"user": 1, "action": "update", "entity_type": "Booking", "entity_id": 10, "changes": {"date": "2025-10-27", "time": "09:30:00", "type": "in_person", "client": "Mike Ali", "status": "pending", "salesman": "Joe Larsson"}, "ip_address": null, "user_agent": "", "timestamp": "2025-10-25T16:56:26.859Z"}}, {"model": "core.auditlog", "pk": 196, "fields": {"user": 1, "action": "update", "entity_type": "Booking", "entity_id": 10, "changes": {"date": "2025-10-27", "time": "09:30:00", "type": "in_person", "client": "Mike Ali", "status": "confirmed", "salesman": "Joe Larsson"}, "ip_address": null, "user_agent": "", "timestamp": "2025-10-25T16:56:40.865Z"}}, {"model": "core.auditlog", "pk": 197, "fields": {"user": 1, "action": "update", "entity_type": "Booking", "entity_id": 10, "changes": {"date": "2025-10-27", "time": "09:30:00", "type": "in_person", "client": "Mike Ali", "status": "confirmed", "salesman": "Joe Larsson"}, "ip_address": null, "user_agent": "", "timestamp": "2025-10-25T16:56:40.894Z"}}, {"model": "core.auditlog", "pk": 198, "fields": {"user": 1, "action": "update", "entity_type": "Booking", "entity_id": 10, "changes": {"status": "confirmed", "approved_at": "2025-10-25T16:56:40.751680+00:00", "approved_by": "Admin Admin"}, "ip_address": "24.234.77.98", "user_agent": "Mozilla/5.0 (Windows NT 10.0; Win64; x64) AppleWebKit/537.36 (KHTML, like Gecko) Chrome/141.0.0.0 Safari/537.36", "timestamp": "2025-10-25T16:56:41.266Z"}}, {"model": "core.auditlog", "pk": 199, "fields": {"user": 9, "action": "create", "entity_type": "Client", "entity_id": 10, "changes": {"name": "Tim Han", "email": "N/A@HOTMAIL.COM", "phone": "(209) 952-5119"}, "ip_address": null, "user_agent": "", "timestamp": "2025-10-25T18:09:49.467Z"}}, {"model": "core.auditlog", "pk": 200, "fields": {"user": null, "action": "update", "entity_type": "Booking", "entity_id": 11, "changes": {"date": "2025-10-25", "time": "17:00:00", "type": "in_person", "client": "Tim Han", "status": "pending", "salesman": "Joe Larsson"}, "ip_address": null, "user_agent": "", "timestamp": "2025-10-25T18:09:49.819Z"}}, {"model": "core.auditlog", "pk": 201, "fields": {"user": null, "action": "update", "entity_type": "Booking", "entity_id": 11, "changes": {"date": "2025-10-25", "time": "17:00:00", "type": "in_person", "client": "Tim Han", "status": "pending", "salesman": "Joe Larsson"}, "ip_address": null, "user_agent": "", "timestamp": "2025-10-25T18:09:49.848Z"}}, {"model": "core.auditlog", "pk": 202, "fields": {"user": 9, "action": "create", "entity_type": "Booking", "entity_id": 11, "changes": {"date": "2025-10-25", "time": "17:00:00", "type": "in_person", "client": "Tim Han", "status": "pending", "salesman": "Joe Larsson", "payroll_period": "Week of Oct 24 - Oct 30, 2025", "commission_amount": "50.00"}, "ip_address": null, "user_agent": "", "timestamp": "2025-10-25T18:09:50.017Z"}}, {"model": "core.auditlog", "pk": 203, "fields": {"user": 9, "action": "create", "entity_type": "Booking", "entity_id": 11, "changes": {"date": "2025-10-25", "time": "17:00:00", "type": "in_person", "client": "Tim Han", "status": "pending", "salesman": "Joe Larsson"}, "ip_address": null, "user_agent": "", "timestamp": "2025-10-25T18:09:50.046Z"}}, {"model": "core.auditlog", "pk": 204, "fields": {"user": 1, "action": "create", "entity_type": "AvailableTimeSlot", "entity_id": 919, "changes": {"date": "2025-10-27", "salesman": "Joe Larsson", "start_time": "11:00:00", "appointment_type": "In-Person"}, "ip_address": null, "user_agent": "", "timestamp": "2025-10-25T19:01:14.795Z"}}, {"model": "core.auditlog", "pk": 205, "fields": {"user": 1, "action": "logout", "entity_type": "User", "entity_id": 1, "changes": {"username": "admin"}, "ip_address": "24.234.77.98", "user_agent": "Mozilla/5.0 (Windows NT 10.0; Win64; x64) AppleWebKit/537.36 (KHTML, like Gecko) Chrome/141.0.0.0 Safari/537.36", "timestamp": "2025-10-25T19:13:06.996Z"}}, {"model": "core.auditlog", "pk": 206, "fields": {"user": 1, "action": "login", "entity_type": "User", "entity_id": 1, "changes": {"username": "admin"}, "ip_address": "24.234.77.98", "user_agent": "Mozilla/5.0 (Windows NT 10.0; Win64; x64) AppleWebKit/537.36 (KHTML, like Gecko) Chrome/141.0.0.0 Safari/537.36", "timestamp": "2025-10-25T19:13:11.382Z"}}, {"model": "core.auditlog", "pk": 207, "fields": {"user": 1, "action": "logout", "entity_type": "User", "entity_id": 1, "changes": {"username": "admin"}, "ip_address": "24.234.77.98", "user_agent": "Mozilla/5.0 (Windows NT 10.0; Win64; x64) AppleWebKit/537.36 (KHTML, like Gecko) Chrome/141.0.0.0 Safari/537.36", "timestamp": "2025-10-25T19:17:53.359Z"}}, {"model": "core.auditlog", "pk": 208, "fields": {"user": 11, "action": "login", "entity_type": "User", "entity_id": 11, "changes": {"username": "JesseK"}, "ip_address": "24.234.77.98", "user_agent": "Mozilla/5.0 (Windows NT 10.0; Win64; x64) AppleWebKit/537.36 (KHTML, like Gecko) Chrome/141.0.0.0 Safari/537.36", "timestamp": "2025-10-25T19:18:05.800Z"}}, {"model": "core.auditlog", "pk": 209, "fields": {"user": 11, "action": "logout", "entity_type": "User", "entity_id": 11, "changes": {"username": "JesseK"}, "ip_address": "24.234.77.98", "user_agent": "Mozilla/5.0 (Windows NT 10.0; Win64; x64) AppleWebKit/537.36 (KHTML, like Gecko) Chrome/141.0.0.0 Safari/537.36", "timestamp": "2025-10-25T19:19:48.128Z"}}, {"model": "core.auditlog", "pk": 210, "fields": {"user": 1, "action": "login", "entity_type": "User", "entity_id": 1, "changes": {"username": "admin"}, "ip_address": "24.234.77.98", "user_agent": "Mozilla/5.0 (Windows NT 10.0; Win64; x64) AppleWebKit/537.36 (KHTML, like Gecko) Chrome/141.0.0.0 Safari/537.36", "timestamp": "2025-10-25T19:19:56.706Z"}}, {"model": "core.auditlog", "pk": 211, "fields": {"user": 9, "action": "login", "entity_type": "User", "entity_id": 9, "changes": {"username": "Nasonseng"}, "ip_address": "47.155.76.160", "user_agent": "Mozilla/5.0 (iPhone; CPU iPhone OS 18_6_2 like Mac OS X) AppleWebKit/605.1.15 (KHTML, like Gecko) Version/18.6 Mobile/15E148 Safari/604.1", "timestamp": "2025-10-25T20:23:15.100Z"}}, {"model": "core.auditlog", "pk": 212, "fields": {"user": 1, "action": "login", "entity_type": "User", "entity_id": 1, "changes": {"username": "admin"}, "ip_address": "129.205.124.230", "user_agent": "Mozilla/5.0 (Windows NT 10.0; Win64; x64) AppleWebKit/537.36 (KHTML, like Gecko) Chrome/141.0.0.0 Safari/537.36", "timestamp": "2025-10-25T22:00:35.077Z"}}, {"model": "core.auditlog", "pk": 213, "fields": {"user": 5, "action": "logout", "entity_type": "User", "entity_id": 5, "changes": {"username": "RAUCP"}, "ip_address": "127.0.0.1", "user_agent": "Mozilla/5.0 (Windows NT 10.0; Win64; x64) AppleWebKit/537.36 (KHTML, like Gecko) Chrome/141.0.0.0 Safari/537.36", "timestamp": "2025-10-26T04:52:02.887Z"}}, {"model": "core.auditlog", "pk": 214, "fields": {"user": 1, "action": "login", "entity_type": "User", "entity_id": 1, "changes": {"username": "admin"}, "ip_address": "127.0.0.1", "user_agent": "Mozilla/5.0 (Windows NT 10.0; Win64; x64) AppleWebKit/537.36 (KHTML, like Gecko) Chrome/141.0.0.0 Safari/537.36", "timestamp": "2025-10-26T04:52:09.576Z"}}, {"model": "core.auditlog", "pk": 215, "fields": {"user": 1, "action": "logout", "entity_type": "User", "entity_id": 1, "changes": {"username": "admin"}, "ip_address": "127.0.0.1", "user_agent": "Mozilla/5.0 (Windows NT 10.0; Win64; x64) AppleWebKit/537.36 (KHTML, like Gecko) Chrome/141.0.0.0 Safari/537.36", "timestamp": "2025-10-26T06:49:18.378Z"}}, {"model": "core.auditlog", "pk": 216, "fields": {"user": 5, "action": "login", "entity_type": "User", "entity_id": 5, "changes": {"username": "RAUCP"}, "ip_address": "127.0.0.1", "user_agent": "Mozilla/5.0 (Windows NT 10.0; Win64; x64) AppleWebKit/537.36 (KHTML, like Gecko) Chrome/141.0.0.0 Safari/537.36", "timestamp": "2025-10-26T06:49:30.924Z"}}, {"model": "core.auditlog", "pk": 217, "fields": {"user": 5, "action": "logout", "entity_type": "User", "entity_id": 5, "changes": {"username": "RAUCP"}, "ip_address": "127.0.0.1", "user_agent": "Mozilla/5.0 (Windows NT 10.0; Win64; x64) AppleWebKit/537.36 (KHTML, like Gecko) Chrome/141.0.0.0 Safari/537.36", "timestamp": "2025-10-26T06:53:50.995Z"}}, {"model": "core.auditlog", "pk": 218, "fields": {"user": 1, "action": "login", "entity_type": "User", "entity_id": 1, "changes": {"username": "admin"}, "ip_address": "127.0.0.1", "user_agent": "Mozilla/5.0 (Windows NT 10.0; Win64; x64) AppleWebKit/537.36 (KHTML, like Gecko) Chrome/141.0.0.0 Safari/537.36", "timestamp": "2025-10-26T06:53:56.561Z"}}, {"model": "core.auditlog", "pk": 219, "fields": {"user": 1, "action": "create", "entity_type": "Client", "entity_id": 11, "changes": {"name": "test", "email": "livetransfer_1761461669.844621@placeholder.com", "phone": "(398) 238-9293"}, "ip_address": null, "user_agent": "", "timestamp": "2025-10-26T06:54:30.374Z"}}, {"model": "core.auditlog", "pk": 220, "fields": {"user": null, "action": "update", "entity_type": "Booking", "entity_id": 12, "changes": {"date": "2025-10-26", "time": "06:54:30.732439", "type": "live_transfer", "client": "test", "status": "pending", "salesman": "Admin Admin"}, "ip_address": null, "user_agent": "", "timestamp": "2025-10-26T06:54:31.311Z"}}, {"model": "core.auditlog", "pk": 221, "fields": {"user": null, "action": "update", "entity_type": "Booking", "entity_id": 12, "changes": {"date": "2025-10-26", "time": "06:54:30.732439", "type": "live_transfer", "client": "test", "status": "pending", "salesman": "Admin Admin"}, "ip_address": null, "user_agent": "", "timestamp": "2025-10-26T06:54:31.502Z"}}, {"model": "core.auditlog", "pk": 222, "fields": {"user": 1, "action": "create", "entity_type": "Booking", "entity_id": 12, "changes": {"date": "2025-10-26", "time": "06:54:30.732439", "type": "live_transfer", "client": "test", "status": "pending", "salesman": "Admin Admin", "payroll_period": "Week of Oct 24 - Oct 30, 2025", "commission_amount": "30.00"}, "ip_address": null, "user_agent": "", "timestamp": "2025-10-26T06:54:31.717Z"}}, {"model": "core.auditlog", "pk": 223, "fields": {"user": 1, "action": "create", "entity_type": "Booking", "entity_id": 12, "changes": {"date": "2025-10-26", "time": "06:54:30.732439", "type": "live_transfer", "client": "test", "status": "pending", "salesman": "Admin Admin"}, "ip_address": null, "user_agent": "", "timestamp": "2025-10-26T06:54:31.913Z"}}, {"model": "core.auditlog", "pk": 224, "fields": {"user": null, "action": "update", "entity_type": "Booking", "entity_id": 12, "changes": {"date": "2025-10-26", "time": "06:54:30.732439", "type": "live_transfer", "client": "test", "status": "confirmed", "salesman": "Admin Admin"}, "ip_address": null, "user_agent": "", "timestamp": "2025-10-26T06:56:16.393Z"}}, {"model": "core.auditlog", "pk": 225, "fields": {"user": null, "action": "update", "entity_type": "Booking", "entity_id": 12, "changes": {"date": "2025-10-26", "time": "06:54:30.732439", "type": "live_transfer", "client": "test", "status": "confirmed", "salesman": "Admin Admin"}, "ip_address": null, "user_agent": "", "timestamp": "2025-10-26T06:56:16.569Z"}}, {"model": "core.auditlog", "pk": 226, "fields": {"user": 1, "action": "update", "entity_type": "Booking", "entity_id": 12, "changes": {"status": "confirmed", "approved_at": "2025-10-26T06:56:15.827067+00:00", "approved_by": "Admin Admin"}, "ip_address": "127.0.0.1", "user_agent": "Mozilla/5.0 (Windows NT 10.0; Win64; x64) AppleWebKit/537.36 (KHTML, like Gecko) Chrome/141.0.0.0 Safari/537.36", "timestamp": "2025-10-26T06:56:18.476Z"}}, {"model": "core.auditlog", "pk": 227, "fields": {"user": null, "action": "delete", "entity_type": "Booking", "entity_id": 12, "changes": {"date": "2025-10-26", "client": "test", "status": "confirmed", "salesman": "Admin Admin"}, "ip_address": null, "user_agent": "", "timestamp": "2025-10-26T06:57:52.872Z"}}, {"model": "core.auditlog", "pk": 228, "fields": {"user": 1, "action": "create", "entity_type": "Client", "entity_id": 12, "changes": {"name": "testuser", "email": "johndalton@example.com", "phone": "(328) 923-8929"}, "ip_address": null, "user_agent": "", "timestamp": "2025-10-26T07:03:59.280Z"}}, {"model": "core.auditlog", "pk": 229, "fields": {"user": null, "action": "update", "entity_type": "Booking", "entity_id": 13, "changes": {"date": "2025-11-06", "time": "09:00:00", "type": "in_person", "client": "testuser", "status": "confirmed", "salesman": "Ryan Bellknapp"}, "ip_address": null, "user_agent": "", "timestamp": "2025-10-26T07:04:01.914Z"}}, {"model": "core.auditlog", "pk": 230, "fields": {"user": null, "action": "update", "entity_type": "Booking", "entity_id": 13, "changes": {"date": "2025-11-06", "time": "09:00:00", "type": "in_person", "client": "testuser", "status": "confirmed", "salesman": "Ryan Bellknapp"}, "ip_address": null, "user_agent": "", "timestamp": "2025-10-26T07:04:02.104Z"}}, {"model": "core.auditlog", "pk": 231, "fields": {"user": 1, "action": "create", "entity_type": "Booking", "entity_id": 13, "changes": {"date": "2025-11-06", "time": "09:00:00", "type": "in_person", "client": "testuser", "status": "confirmed", "salesman": "Ryan Bellknapp", "payroll_period": "Week of Oct 24 - Oct 30, 2025", "commission_amount": "0.00"}, "ip_address": null, "user_agent": "", "timestamp": "2025-10-26T07:04:02.484Z"}}, {"model": "core.auditlog", "pk": 232, "fields": {"user": 1, "action": "create", "entity_type": "Booking", "entity_id": 13, "changes": {"date": "2025-11-06", "time": "09:00:00", "type": "in_person", "client": "testuser", "status": "confirmed", "salesman": "Ryan Bellknapp"}, "ip_address": null, "user_agent": "", "timestamp": "2025-10-26T07:04:02.681Z"}}, {"model": "core.auditlog", "pk": 233, "fields": {"user": null, "action": "delete", "entity_type": "Booking", "entity_id": 13, "changes": {"date": "2025-11-06", "client": "testuser", "status": "confirmed", "salesman": "Ryan Bellknapp"}, "ip_address": null, "user_agent": "", "timestamp": "2025-10-26T07:06:01.093Z"}}, {"model": "core.auditlog", "pk": 234, "fields": {"user": 1, "action": "logout", "entity_type": "User", "entity_id": 1, "changes": {"username": "admin"}, "ip_address": "127.0.0.1", "user_agent": "Mozilla/5.0 (Windows NT 10.0; Win64; x64) AppleWebKit/537.36 (KHTML, like Gecko) Chrome/141.0.0.0 Safari/537.36", "timestamp": "2025-10-26T07:10:29.641Z"}}, {"model": "core.auditlog", "pk": 235, "fields": {"user": 2, "action": "login", "entity_type": "User", "entity_id": 2, "changes": {"username": "ryanbbellknapp"}, "ip_address": "127.0.0.1", "user_agent": "Mozilla/5.0 (Windows NT 10.0; Win64; x64) AppleWebKit/537.36 (KHTML, like Gecko) Chrome/141.0.0.0 Safari/537.36", "timestamp": "2025-10-26T07:10:42.110Z"}}, {"model": "core.auditlog", "pk": 236, "fields": {"user": 2, "action": "logout", "entity_type": "User", "entity_id": 2, "changes": {"username": "ryanbbellknapp"}, "ip_address": "127.0.0.1", "user_agent": "Mozilla/5.0 (Windows NT 10.0; Win64; x64) AppleWebKit/537.36 (KHTML, like Gecko) Chrome/141.0.0.0 Safari/537.36", "timestamp": "2025-10-26T07:11:27.112Z"}}, {"model": "core.auditlog", "pk": 237, "fields": {"user": 1, "action": "login", "entity_type": "User", "entity_id": 1, "changes": {"username": "admin"}, "ip_address": "127.0.0.1", "user_agent": "Mozilla/5.0 (Windows NT 10.0; Win64; x64) AppleWebKit/537.36 (KHTML, like Gecko) Chrome/141.0.0.0 Safari/537.36", "timestamp": "2025-10-26T07:20:58.944Z"}}, {"model": "core.auditlog", "pk": 238, "fields": {"user": null, "action": "create", "entity_type": "User", "entity_id": 13, "changes": {"name": "Patrick Odeh", "email": "patodeh111@gmail.com", "username": "soarer", "employee_id": "EMP00012"}, "ip_address": null, "user_agent": "", "timestamp": "2025-10-26T07:26:31.367Z"}}, {"model": "core.auditlog", "pk": 239, "fields": {"user": 1, "action": "login", "entity_type": "User", "entity_id": 1, "changes": {"username": "admin"}, "ip_address": "24.234.77.98", "user_agent": "Mozilla/5.0 (Windows NT 10.0; Win64; x64) AppleWebKit/537.36 (KHTML, like Gecko) Chrome/141.0.0.0 Safari/537.36", "timestamp": "2025-10-26T13:01:32.065Z"}}, {"model": "core.auditlog", "pk": 240, "fields": {"user": 1, "action": "login", "entity_type": "User", "entity_id": 1, "changes": {"username": "admin"}, "ip_address": "127.0.0.1", "user_agent": "Mozilla/5.0 (Windows NT 10.0; Win64; x64) AppleWebKit/537.36 (KHTML, like Gecko) Chrome/141.0.0.0 Safari/537.36", "timestamp": "2025-10-26T15:26:02.354Z"}}, {"model": "core.auditlog", "pk": 241, "fields": {"user": 1, "action": "login", "entity_type": "User", "entity_id": 1, "changes": {"username": "admin"}, "ip_address": "102.91.92.142", "user_agent": "Mozilla/5.0 (Windows NT 10.0; Win64; x64) AppleWebKit/537.36 (KHTML, like Gecko) Chrome/141.0.0.0 Safari/537.36", "timestamp": "2025-10-26T15:30:51.884Z"}}, {"model": "core.auditlog", "pk": 242, "fields": {"user": 1, "action": "logout", "entity_type": "User", "entity_id": 1, "changes": {"username": "admin"}, "ip_address": "24.234.77.98", "user_agent": "Mozilla/5.0 (Windows NT 10.0; Win64; x64) AppleWebKit/537.36 (KHTML, like Gecko) Chrome/141.0.0.0 Safari/537.36", "timestamp": "2025-10-26T15:40:21.782Z"}}, {"model": "core.auditlog", "pk": 243, "fields": {"user": 5, "action": "login", "entity_type": "User", "entity_id": 5, "changes": {"username": "RAUCP"}, "ip_address": "24.234.77.98", "user_agent": "Mozilla/5.0 (Windows NT 10.0; Win64; x64) AppleWebKit/537.36 (KHTML, like Gecko) Chrome/141.0.0.0 Safari/537.36", "timestamp": "2025-10-26T15:40:29.287Z"}}, {"model": "core.auditlog", "pk": 244, "fields": {"user": 1, "action": "login", "entity_type": "User", "entity_id": 1, "changes": {"username": "admin"}, "ip_address": "127.0.0.1", "user_agent": "Mozilla/5.0 (Windows NT 10.0; Win64; x64) AppleWebKit/537.36 (KHTML, like Gecko) Chrome/141.0.0.0 Safari/537.36", "timestamp": "2025-10-26T15:42:42.208Z"}}, {"model": "core.auditlog", "pk": 245, "fields": {"user": 1, "action": "create", "entity_type": "Client", "entity_id": 13, "changes": {"name": "Test", "email": "livetransfer_1761495000.123312@placeholder.com", "phone": "(328) 939-8982"}, "ip_address": null, "user_agent": "", "timestamp": "2025-10-26T16:10:00.713Z"}}, {"model": "core.auditlog", "pk": 246, "fields": {"user": null, "action": "update", "entity_type": "Booking", "entity_id": 14, "changes": {"date": "2025-10-26", "time": "16:10:01.112924", "type": "live_transfer", "client": "Test", "status": "pending", "salesman": "Admin Admin"}, "ip_address": null, "user_agent": "", "timestamp": "2025-10-26T16:10:02.088Z"}}, {"model": "core.auditlog", "pk": 247, "fields": {"user": null, "action": "update", "entity_type": "Booking", "entity_id": 14, "changes": {"date": "2025-10-26", "time": "16:10:01.112924", "type": "live_transfer", "client": "Test", "status": "pending", "salesman": "Admin Admin"}, "ip_address": null, "user_agent": "", "timestamp": "2025-10-26T16:10:02.292Z"}}, {"model": "core.auditlog", "pk": 248, "fields": {"user": 1, "action": "create", "entity_type": "Booking", "entity_id": 14, "changes": {"date": "2025-10-26", "time": "16:10:01.112924", "type": "live_transfer", "client": "Test", "status": "pending", "salesman": "Admin Admin", "payroll_period": "Week of Oct 24 - Oct 30, 2025", "commission_amount": "30.00"}, "ip_address": null, "user_agent": "", "timestamp": "2025-10-26T16:10:02.489Z"}}, {"model": "core.auditlog", "pk": 249, "fields": {"user": 1, "action": "create", "entity_type": "Booking", "entity_id": 14, "changes": {"date": "2025-10-26", "time": "16:10:01.112924", "type": "live_transfer", "client": "Test", "status": "pending", "salesman": "Admin Admin"}, "ip_address": null, "user_agent": "", "timestamp": "2025-10-26T16:10:02.685Z"}}, {"model": "core.auditlog", "pk": 250, "fields": {"user": null, "action": "delete", "entity_type": "Booking", "entity_id": 14, "changes": {"date": "2025-10-26", "client": "Test", "status": "pending", "salesman": "Admin Admin"}, "ip_address": null, "user_agent": "", "timestamp": "2025-10-26T16:44:28.596Z"}}, {"model": "core.auditlog", "pk": 251, "fields": {"user": null, "action": "delete", "entity_type": "Booking", "entity_id": 14, "changes": {"date": "2025-10-26", "client": "Test", "status": "pending", "salesman": "Admin Admin"}, "ip_address": null, "user_agent": "", "timestamp": "2025-10-26T16:44:29.510Z"}}, {"model": "core.auditlog", "pk": 252, "fields": {"user": 1, "action": "login", "entity_type": "User", "entity_id": 1, "changes": {"username": "admin"}, "ip_address": "102.91.92.142", "user_agent": "Mozilla/5.0 (Windows NT 10.0; Win64; x64) AppleWebKit/537.36 (KHTML, like Gecko) Chrome/141.0.0.0 Safari/537.36", "timestamp": "2025-10-26T17:01:55.104Z"}}, {"model": "core.auditlog", "pk": 253, "fields": {"user": 5, "action": "logout", "entity_type": "User", "entity_id": 5, "changes": {"username": "RAUCP"}, "ip_address": "24.234.77.98", "user_agent": "Mozilla/5.0 (Windows NT 10.0; Win64; x64) AppleWebKit/537.36 (KHTML, like Gecko) Chrome/141.0.0.0 Safari/537.36", "timestamp": "2025-10-26T18:37:04.143Z"}}, {"model": "core.auditlog", "pk": 254, "fields": {"user": 1, "action": "login", "entity_type": "User", "entity_id": 1, "changes": {"username": "admin"}, "ip_address": "24.234.77.98", "user_agent": "Mozilla/5.0 (Windows NT 10.0; Win64; x64) AppleWebKit/537.36 (KHTML, like Gecko) Chrome/141.0.0.0 Safari/537.36", "timestamp": "2025-10-26T18:37:09.810Z"}}, {"model": "core.auditlog", "pk": 255, "fields": {"user": 1, "action": "login", "entity_type": "User", "entity_id": 1, "changes": {"username": "admin"}, "ip_address": "102.91.92.142", "user_agent": "Mozilla/5.0 (X11; Linux x86_64) AppleWebKit/537.36 (KHTML, like Gecko) Chrome/141.0.0.0 Safari/537.36", "timestamp": "2025-10-26T18:52:58.578Z"}}, {"model": "core.auditlog", "pk": 256, "fields": {"user": null, "action": "update", "entity_type": "Booking", "entity_id": 2, "changes": {"date": "2025-10-29", "time": "10:30:00", "type": "in_person", "client": "Andre Cruz", "status": "pending", "salesman": "Ryan Bellknapp"}, "ip_address": null, "user_agent": "", "timestamp": "2025-10-26T19:18:52.579Z"}}, {"model": "core.auditlog", "pk": 257, "fields": {"user": null, "action": "update", "entity_type": "Booking", "entity_id": 2, "changes": {"date": "2025-10-29", "time": "10:30:00", "type": "in_person", "client": "Andre Cruz", "status": "pending", "salesman": "Ryan Bellknapp"}, "ip_address": null, "user_agent": "", "timestamp": "2025-10-26T19:18:52.611Z"}}, {"model": "core.auditlog", "pk": 258, "fields": {"user": null, "action": "update", "entity_type": "Booking", "entity_id": 2, "changes": {"date": "2025-10-29", "time": "10:30:00", "type": "in_person", "client": "Andre Cruz", "status": "pending", "salesman": "Ryan Bellknapp"}, "ip_address": null, "user_agent": "", "timestamp": "2025-10-26T19:18:52.670Z"}}, {"model": "core.auditlog", "pk": 259, "fields": {"user": null, "action": "update", "entity_type": "Booking", "entity_id": 2, "changes": {"date": "2025-10-29", "time": "10:30:00", "type": "in_person", "client": "Andre Cruz", "status": "pending", "salesman": "Ryan Bellknapp"}, "ip_address": null, "user_agent": "", "timestamp": "2025-10-26T19:18:52.702Z"}}, {"model": "core.auditlog", "pk": 260, "fields": {"user": 1, "action": "logout", "entity_type": "User", "entity_id": 1, "changes": {"username": "admin"}, "ip_address": "24.234.77.98", "user_agent": "Mozilla/5.0 (Windows NT 10.0; Win64; x64) AppleWebKit/537.36 (KHTML, like Gecko) Chrome/141.0.0.0 Safari/537.36", "timestamp": "2025-10-26T19:19:17.119Z"}}, {"model": "core.auditlog", "pk": 261, "fields": {"user": 2, "action": "login", "entity_type": "User", "entity_id": 2, "changes": {"username": "ryanbbellknapp"}, "ip_address": "24.234.77.98", "user_agent": "Mozilla/5.0 (Windows NT 10.0; Win64; x64) AppleWebKit/537.36 (KHTML, like Gecko) Chrome/141.0.0.0 Safari/537.36", "timestamp": "2025-10-26T19:19:38.680Z"}}, {"model": "core.auditlog", "pk": 262, "fields": {"user": 2, "action": "login", "entity_type": "User", "entity_id": 2, "changes": {"username": "ryanbbellknapp"}, "ip_address": "76.36.12.146", "user_agent": "Mozilla/5.0 (Macintosh; Intel Mac OS X 10_15_7) AppleWebKit/605.1.15 (KHTML, like Gecko) Version/26.0.1 Safari/605.1.15", "timestamp": "2025-10-26T19:24:26.210Z"}}, {"model": "core.auditlog", "pk": 263, "fields": {"user": 2, "action": "logout", "entity_type": "User", "entity_id": 2, "changes": {"username": "ryanbbellknapp"}, "ip_address": "24.234.77.98", "user_agent": "Mozilla/5.0 (Windows NT 10.0; Win64; x64) AppleWebKit/537.36 (KHTML, like Gecko) Chrome/141.0.0.0 Safari/537.36", "timestamp": "2025-10-26T19:48:20.532Z"}}, {"model": "core.auditlog", "pk": 264, "fields": {"user": 1, "action": "login", "entity_type": "User", "entity_id": 1, "changes": {"username": "admin"}, "ip_address": "24.234.77.98", "user_agent": "Mozilla/5.0 (Windows NT 10.0; Win64; x64) AppleWebKit/537.36 (KHTML, like Gecko) Chrome/141.0.0.0 Safari/537.36", "timestamp": "2025-10-26T19:48:26.322Z"}}, {"model": "core.auditlog", "pk": 265, "fields": {"user": 1, "action": "logout", "entity_type": "User", "entity_id": 1, "changes": {"username": "admin"}, "ip_address": "24.234.77.98", "user_agent": "Mozilla/5.0 (Windows NT 10.0; Win64; x64) AppleWebKit/537.36 (KHTML, like Gecko) Chrome/141.0.0.0 Safari/537.36", "timestamp": "2025-10-26T22:53:12.895Z"}}, {"model": "core.auditlog", "pk": 266, "fields": {"user": 11, "action": "login", "entity_type": "User", "entity_id": 11, "changes": {"username": "JesseK"}, "ip_address": "24.234.77.98", "user_agent": "Mozilla/5.0 (Windows NT 10.0; Win64; x64) AppleWebKit/537.36 (KHTML, like Gecko) Chrome/141.0.0.0 Safari/537.36", "timestamp": "2025-10-26T22:53:19.237Z"}}, {"model": "core.auditlog", "pk": 267, "fields": {"user": 11, "action": "logout", "entity_type": "User", "entity_id": 11, "changes": {"username": "JesseK"}, "ip_address": "24.234.77.98", "user_agent": "Mozilla/5.0 (Windows NT 10.0; Win64; x64) AppleWebKit/537.36 (KHTML, like Gecko) Chrome/141.0.0.0 Safari/537.36", "timestamp": "2025-10-26T22:54:38.676Z"}}, {"model": "core.auditlog", "pk": 268, "fields": {"user": 1, "action": "login", "entity_type": "User", "entity_id": 1, "changes": {"username": "admin"}, "ip_address": "24.234.77.98", "user_agent": "Mozilla/5.0 (Windows NT 10.0; Win64; x64) AppleWebKit/537.36 (KHTML, like Gecko) Chrome/141.0.0.0 Safari/537.36", "timestamp": "2025-10-26T23:21:46.911Z"}}, {"model": "core.auditlog", "pk": 269, "fields": {"user": 1, "action": "login", "entity_type": "User", "entity_id": 1, "changes": {"username": "admin"}, "ip_address": "102.91.102.191", "user_agent": "Mozilla/5.0 (Windows NT 10.0; Win64; x64) AppleWebKit/537.36 (KHTML, like Gecko) Chrome/141.0.0.0 Safari/537.36", "timestamp": "2025-10-27T03:22:23.479Z"}}, {"model": "core.auditlog", "pk": 270, "fields": {"user": 1, "action": "login", "entity_type": "User", "entity_id": 1, "changes": {"username": "admin"}, "ip_address": "129.205.124.203", "user_agent": "Mozilla/5.0 (Windows NT 10.0; Win64; x64) AppleWebKit/537.36 (KHTML, like Gecko) Chrome/141.0.0.0 Safari/537.36", "timestamp": "2025-10-27T08:09:31.429Z"}}, {"model": "core.auditlog", "pk": 271, "fields": {"user": 2, "action": "login", "entity_type": "User", "entity_id": 2, "changes": {"username": "ryanbbellknapp"}, "ip_address": "76.36.12.146", "user_agent": "Mozilla/5.0 (Macintosh; Intel Mac OS X 10_15_7) AppleWebKit/605.1.15 (KHTML, like Gecko) Version/26.0.1 Safari/605.1.15", "timestamp": "2025-10-27T14:11:18.005Z"}}, {"model": "core.auditlog", "pk": 272, "fields": {"user": 1, "action": "login", "entity_type": "User", "entity_id": 1, "changes": {"username": "admin"}, "ip_address": "24.234.77.98", "user_agent": "Mozilla/5.0 (Windows NT 10.0; Win64; x64) AppleWebKit/537.36 (KHTML, like Gecko) Chrome/141.0.0.0 Safari/537.36", "timestamp": "2025-10-27T14:54:49.022Z"}}, {"model": "core.auditlog", "pk": 273, "fields": {"user": 1, "action": "login", "entity_type": "User", "entity_id": 1, "changes": {"username": "admin"}, "ip_address": "129.205.124.209", "user_agent": "Mozilla/5.0 (X11; Linux x86_64) AppleWebKit/537.36 (KHTML, like Gecko) Chrome/141.0.0.0 Safari/537.36", "timestamp": "2025-10-27T17:58:03.047Z"}}, {"model": "core.auditlog", "pk": 274, "fields": {"user": 1, "action": "login", "entity_type": "User", "entity_id": 1, "changes": {"username": "admin"}, "ip_address": "129.205.124.209", "user_agent": "Mozilla/5.0 (X11; Linux x86_64) AppleWebKit/537.36 (KHTML, like Gecko) Chrome/141.0.0.0 Safari/537.36", "timestamp": "2025-10-28T01:18:30.805Z"}}, {"model": "core.auditlog", "pk": 275, "fields": {"user": 1, "action": "login", "entity_type": "User", "entity_id": 1, "changes": {"username": "admin"}, "ip_address": "24.234.77.98", "user_agent": "Mozilla/5.0 (Windows NT 10.0; Win64; x64) AppleWebKit/537.36 (KHTML, like Gecko) Chrome/141.0.0.0 Safari/537.36", "timestamp": "2025-10-28T03:21:41.785Z"}}, {"model": "core.auditlog", "pk": 276, "fields": {"user": 1, "action": "login", "entity_type": "User", "entity_id": 1, "changes": {"username": "admin"}, "ip_address": "129.205.124.209", "user_agent": "Mozilla/5.0 (X11; Linux x86_64) AppleWebKit/537.36 (KHTML, like Gecko) Chrome/141.0.0.0 Safari/537.36", "timestamp": "2025-10-28T14:00:04.131Z"}}, {"model": "core.auditlog", "pk": 277, "fields": {"user": null, "action": "create", "entity_type": "User", "entity_id": 14, "changes": {"name": "Fatima Graham", "email": "contact@tritegrityinc.com", "username": "Fatima@Tritegrity", "employee_id": "EMP00012"}, "ip_address": null, "user_agent": "", "timestamp": "2025-10-28T14:25:05.488Z"}}, {"model": "core.auditlog", "pk": 278, "fields": {"user": 14, "action": "login", "entity_type": "User", "entity_id": 14, "changes": {"username": "Fatima@Tritegrity"}, "ip_address": "112.201.193.236", "user_agent": "Mozilla/5.0 (Windows NT 10.0; Win64; x64) AppleWebKit/537.36 (KHTML, like Gecko) Chrome/141.0.0.0 Safari/537.36", "timestamp": "2025-10-28T14:25:20.220Z"}}, {"model": "core.auditlog", "pk": 279, "fields": {"user": 4, "action": "login", "entity_type": "User", "entity_id": 4, "changes": {"username": "lascott7"}, "ip_address": "172.56.0.226", "user_agent": "Mozilla/5.0 (Windows NT 10.0; Win64; x64) AppleWebKit/537.36 (KHTML, like Gecko) Chrome/141.0.0.0 Safari/537.36", "timestamp": "2025-10-28T15:13:15.069Z"}}, {"model": "core.auditlog", "pk": 280, "fields": {"user": 1, "action": "login", "entity_type": "User", "entity_id": 1, "changes": {"username": "admin"}, "ip_address": "129.205.124.209", "user_agent": "Mozilla/5.0 (Windows NT 10.0; Win64; x64) AppleWebKit/537.36 (KHTML, like Gecko) Chrome/141.0.0.0 Safari/537.36", "timestamp": "2025-10-28T21:57:04.433Z"}}, {"model": "core.auditlog", "pk": 281, "fields": {"user": 2, "action": "login", "entity_type": "User", "entity_id": 2, "changes": {"username": "ryanbbellknapp"}, "ip_address": "76.36.12.146", "user_agent": "Mozilla/5.0 (iPhone; CPU iPhone OS 18_7 like Mac OS X) AppleWebKit/605.1.15 (KHTML, like Gecko) Version/26.0.1 Mobile/15E148 Safari/604.1", "timestamp": "2025-10-29T01:20:55.717Z"}}, {"model": "core.auditlog", "pk": 282, "fields": {"user": 5, "action": "login", "entity_type": "User", "entity_id": 5, "changes": {"username": "RAUCP"}, "ip_address": "172.58.211.222", "user_agent": "Mozilla/5.0 (iPhone; CPU iPhone OS 18_6 like Mac OS X) AppleWebKit/605.1.15 (KHTML, like Gecko) Version/26.0 Mobile/15E148 Safari/604.1", "timestamp": "2025-10-29T03:19:49.151Z"}}, {"model": "core.auditlog", "pk": 283, "fields": {"user": 1, "action": "login", "entity_type": "User", "entity_id": 1, "changes": {"username": "admin"}, "ip_address": "129.205.124.209", "user_agent": "Mozilla/5.0 (Windows NT 10.0; Win64; x64) AppleWebKit/537.36 (KHTML, like Gecko) Chrome/141.0.0.0 Safari/537.36", "timestamp": "2025-10-29T11:09:07.018Z"}}, {"model": "core.auditlog", "pk": 284, "fields": {"user": 4, "action": "login", "entity_type": "User", "entity_id": 4, "changes": {"username": "lascott7"}, "ip_address": "172.56.0.226", "user_agent": "Mozilla/5.0 (Windows NT 10.0; Win64; x64) AppleWebKit/537.36 (KHTML, like Gecko) Chrome/141.0.0.0 Safari/537.36", "timestamp": "2025-10-29T14:01:24.138Z"}}, {"model": "core.auditlog", "pk": 285, "fields": {"user": 4, "action": "logout", "entity_type": "User", "entity_id": 4, "changes": {"username": "lascott7"}, "ip_address": "172.56.0.226", "user_agent": "Mozilla/5.0 (Windows NT 10.0; Win64; x64) AppleWebKit/537.36 (KHTML, like Gecko) Chrome/141.0.0.0 Safari/537.36", "timestamp": "2025-10-29T16:00:53.158Z"}}, {"model": "core.auditlog", "pk": 286, "fields": {"user": 5, "action": "login", "entity_type": "User", "entity_id": 5, "changes": {"username": "RAUCP"}, "ip_address": "76.33.34.153", "user_agent": "Mozilla/5.0 (Macintosh; Intel Mac OS X 10_15_7) AppleWebKit/537.36 (KHTML, like Gecko) Chrome/141.0.0.0 Safari/537.36", "timestamp": "2025-10-29T16:34:17.572Z"}}, {"model": "core.auditlog", "pk": 287, "fields": {"user": 4, "action": "login", "entity_type": "User", "entity_id": 4, "changes": {"username": "lascott7"}, "ip_address": "172.56.0.226", "user_agent": "Mozilla/5.0 (Windows NT 10.0; Win64; x64) AppleWebKit/537.36 (KHTML, like Gecko) Chrome/141.0.0.0 Safari/537.36", "timestamp": "2025-10-29T19:30:58.860Z"}}, {"model": "core.auditlog", "pk": 288, "fields": {"user": 4, "action": "create", "entity_type": "Client", "entity_id": 14, "changes": {"name": "Charles Centers", "email": "livetransfer_1761773404.998115@placeholder.com", "phone": "(205) 607-1185"}, "ip_address": null, "user_agent": "", "timestamp": "2025-10-29T21:30:05.157Z"}}, {"model": "core.auditlog", "pk": 289, "fields": {"user": null, "action": "update", "entity_type": "Booking", "entity_id": 15, "changes": {"date": "2025-10-29", "time": "21:30:05.254987", "type": "live_transfer", "client": "Charles Centers", "status": "pending", "salesman": "LaToya Scott"}, "ip_address": null, "user_agent": "", "timestamp": "2025-10-29T21:30:05.542Z"}}, {"model": "core.auditlog", "pk": 290, "fields": {"user": null, "action": "update", "entity_type": "Booking", "entity_id": 15, "changes": {"date": "2025-10-29", "time": "21:30:05.254987", "type": "live_transfer", "client": "Charles Centers", "status": "pending", "salesman": "LaToya Scott"}, "ip_address": null, "user_agent": "", "timestamp": "2025-10-29T21:30:05.589Z"}}, {"model": "core.auditlog", "pk": 291, "fields": {"user": 4, "action": "create", "entity_type": "Booking", "entity_id": 15, "changes": {"date": "2025-10-29", "time": "21:30:05.254987", "type": "live_transfer", "client": "Charles Centers", "status": "pending", "salesman": "LaToya Scott", "payroll_period": "Week of Oct 24 - Oct 30, 2025", "commission_amount": "30.00"}, "ip_address": null, "user_agent": "", "timestamp": "2025-10-29T21:30:05.625Z"}}, {"model": "core.auditlog", "pk": 292, "fields": {"user": 4, "action": "create", "entity_type": "Booking", "entity_id": 15, "changes": {"date": "2025-10-29", "time": "21:30:05.254987", "type": "live_transfer", "client": "Charles Centers", "status": "pending", "salesman": "LaToya Scott"}, "ip_address": null, "user_agent": "", "timestamp": "2025-10-29T21:30:05.657Z"}}, {"model": "core.auditlog", "pk": 293, "fields": {"user": 4, "action": "logout", "entity_type": "User", "entity_id": 4, "changes": {"username": "lascott7"}, "ip_address": "172.56.0.226", "user_agent": "Mozilla/5.0 (Windows NT 10.0; Win64; x64) AppleWebKit/537.36 (KHTML, like Gecko) Chrome/141.0.0.0 Safari/537.36", "timestamp": "2025-10-29T22:00:58.603Z"}}, {"model": "core.auditlog", "pk": 294, "fields": {"user": 1, "action": "login", "entity_type": "User", "entity_id": 1, "changes": {"username": "admin"}, "ip_address": "129.205.124.223", "user_agent": "Mozilla/5.0 (X11; Linux x86_64) AppleWebKit/537.36 (KHTML, like Gecko) Chrome/141.0.0.0 Safari/537.36", "timestamp": "2025-10-30T09:09:58.842Z"}}, {"model": "core.auditlog", "pk": 295, "fields": {"user": 14, "action": "login", "entity_type": "User", "entity_id": 14, "changes": {"username": "Fatima@Tritegrity"}, "ip_address": "112.201.193.236", "user_agent": "Mozilla/5.0 (Windows NT 10.0; Win64; x64) AppleWebKit/537.36 (KHTML, like Gecko) Chrome/141.0.0.0 Safari/537.36", "timestamp": "2025-10-30T13:16:11.108Z"}}, {"model": "core.auditlog", "pk": 296, "fields": {"user": 4, "action": "login", "entity_type": "User", "entity_id": 4, "changes": {"username": "lascott7"}, "ip_address": "172.56.0.226", "user_agent": "Mozilla/5.0 (Windows NT 10.0; Win64; x64) AppleWebKit/537.36 (KHTML, like Gecko) Chrome/142.0.0.0 Safari/537.36", "timestamp": "2025-10-30T14:01:36.621Z"}}, {"model": "core.auditlog", "pk": 297, "fields": {"user": 5, "action": "login", "entity_type": "User", "entity_id": 5, "changes": {"username": "RAUCP"}, "ip_address": "76.33.34.153", "user_agent": "Mozilla/5.0 (Macintosh; Intel Mac OS X 10_15_7) AppleWebKit/537.36 (KHTML, like Gecko) Chrome/141.0.0.0 Safari/537.36", "timestamp": "2025-10-30T16:29:03.992Z"}}, {"model": "core.auditlog", "pk": 298, "fields": {"user": 2, "action": "login", "entity_type": "User", "entity_id": 2, "changes": {"username": "ryanbbellknapp"}, "ip_address": "12.74.212.92", "user_agent": "Mozilla/5.0 (iPhone; CPU iPhone OS 18_7 like Mac OS X) AppleWebKit/605.1.15 (KHTML, like Gecko) Version/26.0.1 Mobile/15E148 Safari/604.1", "timestamp": "2025-10-30T16:49:54.676Z"}}, {"model": "core.auditlog", "pk": 299, "fields": {"user": 1, "action": "login", "entity_type": "User", "entity_id": 1, "changes": {"username": "admin"}, "ip_address": "24.234.231.215", "user_agent": "Mozilla/5.0 (Windows NT 10.0; Win64; x64) AppleWebKit/537.36 (KHTML, like Gecko) Chrome/141.0.0.0 Safari/537.36", "timestamp": "2025-10-30T16:54:45.659Z"}}, {"model": "core.auditlog", "pk": 300, "fields": {"user": null, "action": "update", "entity_type": "Booking", "entity_id": 16, "changes": {"date": "2025-10-30", "time": "21:24:37.342342", "type": "live_transfer", "client": "Charles Centers", "status": "pending", "salesman": "LaToya Scott"}, "ip_address": null, "user_agent": "", "timestamp": "2025-10-30T21:24:37.558Z"}}, {"model": "core.auditlog", "pk": 301, "fields": {"user": null, "action": "update", "entity_type": "Booking", "entity_id": 16, "changes": {"date": "2025-10-30", "time": "21:24:37.342342", "type": "live_transfer", "client": "Charles Centers", "status": "pending", "salesman": "LaToya Scott"}, "ip_address": null, "user_agent": "", "timestamp": "2025-10-30T21:24:37.609Z"}}, {"model": "core.auditlog", "pk": 302, "fields": {"user": 4, "action": "create", "entity_type": "Booking", "entity_id": 16, "changes": {"date": "2025-10-30", "time": "21:24:37.342342", "type": "live_transfer", "client": "Charles Centers", "status": "pending", "salesman": "LaToya Scott", "payroll_period": "Week of Oct 31 - Nov 06, 2025", "commission_amount": "30.00"}, "ip_address": null, "user_agent": "", "timestamp": "2025-10-30T21:24:37.637Z"}}, {"model": "core.auditlog", "pk": 303, "fields": {"user": 4, "action": "create", "entity_type": "Booking", "entity_id": 16, "changes": {"date": "2025-10-30", "time": "21:24:37.342342", "type": "live_transfer", "client": "Charles Centers", "status": "pending", "salesman": "LaToya Scott"}, "ip_address": null, "user_agent": "", "timestamp": "2025-10-30T21:24:37.666Z"}}, {"model": "core.auditlog", "pk": 304, "fields": {"user": 1, "action": "login", "entity_type": "User", "entity_id": 1, "changes": {"username": "admin"}, "ip_address": "24.234.77.98", "user_agent": "Mozilla/5.0 (Windows NT 10.0; Win64; x64) AppleWebKit/537.36 (KHTML, like Gecko) Chrome/141.0.0.0 Safari/537.36", "timestamp": "2025-10-30T21:38:21.672Z"}}, {"model": "core.auditlog", "pk": 305, "fields": {"user": null, "action": "update", "entity_type": "Booking", "entity_id": 15, "changes": {"date": "2025-10-29", "time": "21:30:05.254987", "type": "live_transfer", "client": "Charles Centers", "status": "declined", "salesman": "LaToya Scott"}, "ip_address": null, "user_agent": "", "timestamp": "2025-10-30T21:42:55.607Z"}}, {"model": "core.auditlog", "pk": 306, "fields": {"user": null, "action": "update", "entity_type": "Booking", "entity_id": 15, "changes": {"date": "2025-10-29", "time": "21:30:05.254987", "type": "live_transfer", "client": "Charles Centers", "status": "declined", "salesman": "LaToya Scott"}, "ip_address": null, "user_agent": "", "timestamp": "2025-10-30T21:42:55.638Z"}}, {"model": "core.auditlog", "pk": 307, "fields": {"user": 1, "action": "update", "entity_type": "Booking", "entity_id": 15, "changes": {"status": "declined", "declined_at": "2025-10-30T21:42:55.513644+00:00", "declined_by": "Admin Admin", "decline_reason": "Duplicate"}, "ip_address": "24.234.77.98", "user_agent": "Mozilla/5.0 (Windows NT 10.0; Win64; x64) AppleWebKit/537.36 (KHTML, like Gecko) Chrome/141.0.0.0 Safari/537.36", "timestamp": "2025-10-30T21:42:55.742Z"}}, {"model": "core.auditlog", "pk": 308, "fields": {"user": null, "action": "update", "entity_type": "Booking", "entity_id": 16, "changes": {"date": "2025-10-30", "time": "21:24:37.342342", "type": "live_transfer", "client": "Charles Centers", "status": "confirmed", "salesman": "LaToya Scott"}, "ip_address": null, "user_agent": "", "timestamp": "2025-10-30T21:43:12.597Z"}}, {"model": "core.auditlog", "pk": 309, "fields": {"user": null, "action": "update", "entity_type": "Booking", "entity_id": 16, "changes": {"date": "2025-10-30", "time": "21:24:37.342342", "type": "live_transfer", "client": "Charles Centers", "status": "confirmed", "salesman": "LaToya Scott"}, "ip_address": null, "user_agent": "", "timestamp": "2025-10-30T21:43:12.627Z"}}, {"model": "core.auditlog", "pk": 310, "fields": {"user": 1, "action": "update", "entity_type": "Booking", "entity_id": 16, "changes": {"status": "confirmed", "approved_at": "2025-10-30T21:43:12.510352+00:00", "approved_by": "Admin Admin"}, "ip_address": "24.234.77.98", "user_agent": "Mozilla/5.0 (Windows NT 10.0; Win64; x64) AppleWebKit/537.36 (KHTML, like Gecko) Chrome/141.0.0.0 Safari/537.36", "timestamp": "2025-10-30T21:43:12.960Z"}}, {"model": "core.auditlog", "pk": 311, "fields": {"user": 4, "action": "logout", "entity_type": "User", "entity_id": 4, "changes": {"username": "lascott7"}, "ip_address": "172.56.0.226", "user_agent": "Mozilla/5.0 (Windows NT 10.0; Win64; x64) AppleWebKit/537.36 (KHTML, like Gecko) Chrome/142.0.0.0 Safari/537.36", "timestamp": "2025-10-30T22:01:55.076Z"}}, {"model": "core.availabilitycycle", "pk": 1, "fields": {"start_date": "2025-10-24", "end_date": "2025-11-06", "is_active": true, "created_at": "2025-10-24T11:16:44.891Z"}}, {"model": "core.availabilitycycle", "pk": 3, "fields": {"start_date": "2025-10-10", "end_date": "2025-10-23", "is_active": false, "created_at": "2025-10-24T14:10:41.093Z"}}, {"model": "core.availabletimeslot", "pk": 203, "fields": {"cycle": 1, "salesman": 2, "date": "2025-10-31", "start_time": "09:30:00", "appointment_type": "zoom", "is_active": false, "is_booked": false, "created_at": "2025-10-24T11:16:45.846Z", "created_by": 2}}, {"model": "core.availabletimeslot", "pk": 205, "fields": {"cycle": 1, "salesman": 2, "date": "2025-10-31", "start_time": "10:00:00", "appointment_type": "zoom", "is_active": false, "is_booked": false, "created_at": "2025-10-24T11:16:45.846Z", "created_by": 2}}, {"model": "core.availabletimeslot", "pk": 207, "fields": {"cycle": 1, "salesman": 2, "date": "2025-10-31", "start_time": "10:30:00", "appointment_type": "zoom", "is_active": false, "is_booked": false, "created_at": "2025-10-24T11:16:45.846Z", "created_by": 2}}, {"model": "core.availabletimeslot", "pk": 209, "fields": {"cycle": 1, "salesman": 2, "date": "2025-10-31", "start_time": "11:00:00", "appointment_type": "zoom", "is_active": false, "is_booked": false, "created_at": "2025-10-24T11:16:45.846Z", "created_by": 2}}, {"model": "core.availabletimeslot", "pk": 211, "fields": {"cycle": 1, "salesman": 2, "date": "2025-10-31", "start_time": "11:30:00", "appointment_type": "zoom", "is_active": false, "is_booked": false, "created_at": "2025-10-24T11:16:45.846Z", "created_by": 2}}, {"model": "core.availabletimeslot", "pk": 213, "fields": {"cycle": 1, "salesman": 2, "date": "2025-10-31", "start_time": "12:00:00", "appointment_type": "zoom", "is_active": false, "is_booked": false, "created_at": "2025-10-24T11:16:45.846Z", "created_by": 2}}, {"model": "core.availabletimeslot", "pk": 215, "fields": {"cycle": 1, "salesman": 2, "date": "2025-10-31", "start_time": "12:30:00", "appointment_type": "zoom", "is_active": false, "is_booked": false, "created_at": "2025-10-24T11:16:45.846Z", "created_by": 2}}, {"model": "core.availabletimeslot", "pk": 217, "fields": {"cycle": 1, "salesman": 2, "date": "2025-10-31", "start_time": "13:00:00", "appointment_type": "zoom", "is_active": false, "is_booked": false, "created_at": "2025-10-24T11:16:45.846Z", "created_by": 2}}, {"model": "core.availabletimeslot", "pk": 219, "fields": {"cycle": 1, "salesman": 2, "date": "2025-10-31", "start_time": "13:30:00", "appointment_type": "zoom", "is_active": false, "is_booked": false, "created_at": "2025-10-24T11:16:45.846Z", "created_by": 2}}, {"model": "core.availabletimeslot", "pk": 221, "fields": {"cycle": 1, "salesman": 2, "date": "2025-10-31", "start_time": "14:00:00", "appointment_type": "zoom", "is_active": false, "is_booked": false, "created_at": "2025-10-24T11:16:45.846Z", "created_by": 2}}, {"model": "core.availabletimeslot", "pk": 223, "fields": {"cycle": 1, "salesman": 2, "date": "2025-10-31", "start_time": "14:30:00", "appointment_type": "zoom", "is_active": false, "is_booked": false, "created_at": "2025-10-24T11:16:45.847Z", "created_by": 2}}, {"model": "core.availabletimeslot", "pk": 225, "fields": {"cycle": 1, "salesman": 2, "date": "2025-10-31", "start_time": "15:00:00", "appointment_type": "zoom", "is_active": false, "is_booked": false, "created_at": "2025-10-24T11:16:45.847Z", "created_by": 2}}, {"model": "core.availabletimeslot", "pk": 227, "fields": {"cycle": 1, "salesman": 2, "date": "2025-10-31", "start_time": "15:30:00", "appointment_type": "zoom", "is_active": false, "is_booked": false, "created_at": "2025-10-24T11:16:45.847Z", "created_by": 2}}, {"model": "core.availabletimeslot", "pk": 229, "fields": {"cycle": 1, "salesman": 2, "date": "2025-10-31", "start_time": "16:00:00", "appointment_type": "zoom", "is_active": false, "is_booked": false, "created_at": "2025-10-24T11:16:45.847Z", "created_by": 2}}, {"model": "core.availabletimeslot", "pk": 231, "fields": {"cycle": 1, "salesman": 2, "date": "2025-10-31", "start_time": "16:30:00", "appointment_type": "zoom", "is_active": false, "is_booked": false, "created_at": "2025-10-24T11:16:45.847Z", "created_by": 2}}, {"model": "core.availabletimeslot", "pk": 233, "fields": {"cycle": 1, "salesman": 2, "date": "2025-10-31", "start_time": "17:00:00", "appointment_type": "zoom", "is_active": false, "is_booked": false, "created_at": "2025-10-24T11:16:45.847Z", "created_by": 2}}, {"model": "core.availabletimeslot", "pk": 241, "fields": {"cycle": 1, "salesman": 2, "date": "2025-11-03", "start_time": "09:00:00", "appointment_type": "zoom", "is_active": false, "is_booked": false, "created_at": "2025-10-24T11:16:45.847Z", "created_by": 2}}, {"model": "core.availabletimeslot", "pk": 243, "fields": {"cycle": 1, "salesman": 2, "date": "2025-11-03", "start_time": "09:30:00", "appointment_type": "zoom", "is_active": false, "is_booked": false, "created_at": "2025-10-24T11:16:45.847Z", "created_by": 2}}, {"model": "core.availabletimeslot", "pk": 245, "fields": {"cycle": 1, "salesman": 2, "date": "2025-11-03", "start_time": "10:00:00", "appointment_type": "zoom", "is_active": false, "is_booked": false, "created_at": "2025-10-24T11:16:45.847Z", "created_by": 2}}, {"model": "core.availabletimeslot", "pk": 247, "fields": {"cycle": 1, "salesman": 2, "date": "2025-11-03", "start_time": "10:30:00", "appointment_type": "zoom", "is_active": false, "is_booked": false, "created_at": "2025-10-24T11:16:45.847Z", "created_by": 2}}, {"model": "core.availabletimeslot", "pk": 249, "fields": {"cycle": 1, "salesman": 2, "date": "2025-11-03", "start_time": "11:00:00", "appointment_type": "zoom", "is_active": false, "is_booked": false, "created_at": "2025-10-24T11:16:45.847Z", "created_by": 2}}, {"model": "core.availabletimeslot", "pk": 251, "fields": {"cycle": 1, "salesman": 2, "date": "2025-11-03", "start_time": "11:30:00", "appointment_type": "zoom", "is_active": false, "is_booked": false, "created_at": "2025-10-24T11:16:45.847Z", "created_by": 2}}, {"model": "core.availabletimeslot", "pk": 253, "fields": {"cycle": 1, "salesman": 2, "date": "2025-11-03", "start_time": "12:00:00", "appointment_type": "zoom", "is_active": false, "is_booked": false, "created_at": "2025-10-24T11:16:45.847Z", "created_by": 2}}, {"model": "core.availabletimeslot", "pk": 255, "fields": {"cycle": 1, "salesman": 2, "date": "2025-11-03", "start_time": "12:30:00", "appointment_type": "zoom", "is_active": false, "is_booked": false, "created_at": "2025-10-24T11:16:45.847Z", "created_by": 2}}, {"model": "core.availabletimeslot", "pk": 257, "fields": {"cycle": 1, "salesman": 2, "date": "2025-11-03", "start_time": "13:00:00", "appointment_type": "zoom", "is_active": false, "is_booked": false, "created_at": "2025-10-24T11:16:45.847Z", "created_by": 2}}, {"model": "core.availabletimeslot", "pk": 259, "fields": {"cycle": 1, "salesman": 2, "date": "2025-11-03", "start_time": "13:30:00", "appointment_type": "zoom", "is_active": false, "is_booked": false, "created_at": "2025-10-24T11:16:45.847Z", "created_by": 2}}, {"model": "core.availabletimeslot", "pk": 261, "fields": {"cycle": 1, "salesman": 2, "date": "2025-11-03", "start_time": "14:00:00", "appointment_type": "zoom", "is_active": false, "is_booked": false, "created_at": "2025-10-24T11:16:45.847Z", "created_by": 2}}, {"model": "core.availabletimeslot", "pk": 263, "fields": {"cycle": 1, "salesman": 2, "date": "2025-11-03", "start_time": "14:30:00", "appointment_type": "zoom", "is_active": false, "is_booked": false, "created_at": "2025-10-24T11:16:45.847Z", "created_by": 2}}, {"model": "core.availabletimeslot", "pk": 265, "fields": {"cycle": 1, "salesman": 2, "date": "2025-11-03", "start_time": "15:00:00", "appointment_type": "zoom", "is_active": false, "is_booked": false, "created_at": "2025-10-24T11:16:45.847Z", "created_by": 2}}, {"model": "core.availabletimeslot", "pk": 267, "fields": {"cycle": 1, "salesman": 2, "date": "2025-11-03", "start_time": "15:30:00", "appointment_type": "zoom", "is_active": false, "is_booked": false, "created_at": "2025-10-24T11:16:45.847Z", "created_by": 2}}, {"model": "core.availabletimeslot", "pk": 269, "fields": {"cycle": 1, "salesman": 2, "date": "2025-11-03", "start_time": "16:00:00", "appointment_type": "zoom", "is_active": false, "is_booked": false, "created_at": "2025-10-24T11:16:45.847Z", "created_by": 2}}, {"model": "core.availabletimeslot", "pk": 271, "fields": {"cycle": 1, "salesman": 2, "date": "2025-11-03", "start_time": "16:30:00", "appointment_type": "zoom", "is_active": false, "is_booked": false, "created_at": "2025-10-24T11:16:45.847Z", "created_by": 2}}, {"model": "core.availabletimeslot", "pk": 273, "fields": {"cycle": 1, "salesman": 2, "date": "2025-11-03", "start_time": "17:00:00", "appointment_type": "zoom", "is_active": false, "is_booked": false, "created_at": "2025-10-24T11:16:45.847Z", "created_by": 2}}, {"model": "core.availabletimeslot", "pk": 275, "fields": {"cycle": 1, "salesman": 2, "date": "2025-11-03", "start_time": "17:30:00", "appointment_type": "zoom", "is_active": false, "is_booked": false, "created_at": "2025-10-24T11:16:45.847Z", "created_by": 2}}, {"model": "core.availabletimeslot", "pk": 277, "fields": {"cycle": 1, "salesman": 2, "date": "2025-11-03", "start_time": "18:00:00", "appointment_type": "zoom", "is_active": false, "is_booked": false, "created_at": "2025-10-24T11:16:45.847Z", "created_by": 2}}, {"model": "core.availabletimeslot", "pk": 279, "fields": {"cycle": 1, "salesman": 2, "date": "2025-11-03", "start_time": "18:30:00", "appointment_type": "zoom", "is_active": false, "is_booked": false, "created_at": "2025-10-24T11:16:45.847Z", "created_by": 2}}, {"model": "core.availabletimeslot", "pk": 281, "fields": {"cycle": 1, "salesman": 2, "date": "2025-11-04", "start_time": "09:00:00", "appointment_type": "zoom", "is_active": false, "is_booked": false, "created_at": "2025-10-24T11:16:45.847Z", "created_by": 2}}, {"model": "core.availabletimeslot", "pk": 283, "fields": {"cycle": 1, "salesman": 2, "date": "2025-11-04", "start_time": "09:30:00", "appointment_type": "zoom", "is_active": false, "is_booked": false, "created_at": "2025-10-24T11:16:45.847Z", "created_by": 2}}, {"model": "core.availabletimeslot", "pk": 285, "fields": {"cycle": 1, "salesman": 2, "date": "2025-11-04", "start_time": "10:00:00", "appointment_type": "zoom", "is_active": false, "is_booked": false, "created_at": "2025-10-24T11:16:45.847Z", "created_by": 2}}, {"model": "core.availabletimeslot", "pk": 287, "fields": {"cycle": 1, "salesman": 2, "date": "2025-11-04", "start_time": "10:30:00", "appointment_type": "zoom", "is_active": false, "is_booked": false, "created_at": "2025-10-24T11:16:45.847Z", "created_by": 2}}, {"model": "core.availabletimeslot", "pk": 289, "fields": {"cycle": 1, "salesman": 2, "date": "2025-11-04", "start_time": "11:00:00", "appointment_type": "zoom", "is_active": false, "is_booked": false, "created_at": "2025-10-24T11:16:45.847Z", "created_by": 2}}, {"model": "core.availabletimeslot", "pk": 291, "fields": {"cycle": 1, "salesman": 2, "date": "2025-11-04", "start_time": "11:30:00", "appointment_type": "zoom", "is_active": false, "is_booked": false, "created_at": "2025-10-24T11:16:45.847Z", "created_by": 2}}, {"model": "core.availabletimeslot", "pk": 293, "fields": {"cycle": 1, "salesman": 2, "date": "2025-11-04", "start_time": "12:00:00", "appointment_type": "zoom", "is_active": false, "is_booked": false, "created_at": "2025-10-24T11:16:45.848Z", "created_by": 2}}, {"model": "core.availabletimeslot", "pk": 295, "fields": {"cycle": 1, "salesman": 2, "date": "2025-11-04", "start_time": "12:30:00", "appointment_type": "zoom", "is_active": false, "is_booked": false, "created_at": "2025-10-24T11:16:45.848Z", "created_by": 2}}, {"model": "core.availabletimeslot", "pk": 297, "fields": {"cycle": 1, "salesman": 2, "date": "2025-11-04", "start_time": "13:00:00", "appointment_type": "zoom", "is_active": false, "is_booked": false, "created_at": "2025-10-24T11:16:45.848Z", "created_by": 2}}, {"model": "core.availabletimeslot", "pk": 299, "fields": {"cycle": 1, "salesman": 2, "date": "2025-11-04", "start_time": "13:30:00", "appointment_type": "zoom", "is_active": false, "is_booked": false, "created_at": "2025-10-24T11:16:45.848Z", "created_by": 2}}, {"model": "core.availabletimeslot", "pk": 301, "fields": {"cycle": 1, "salesman": 2, "date": "2025-11-04", "start_time": "14:00:00", "appointment_type": "zoom", "is_active": false, "is_booked": false, "created_at": "2025-10-24T11:16:45.848Z", "created_by": 2}}, {"model": "core.availabletimeslot", "pk": 303, "fields": {"cycle": 1, "salesman": 2, "date": "2025-11-04", "start_time": "14:30:00", "appointment_type": "zoom", "is_active": false, "is_booked": false, "created_at": "2025-10-24T11:16:45.848Z", "created_by": 2}}, {"model": "core.availabletimeslot", "pk": 305, "fields": {"cycle": 1, "salesman": 2, "date": "2025-11-04", "start_time": "15:00:00", "appointment_type": "zoom", "is_active": false, "is_booked": false, "created_at": "2025-10-24T11:16:45.848Z", "created_by": 2}}, {"model": "core.availabletimeslot", "pk": 307, "fields": {"cycle": 1, "salesman": 2, "date": "2025-11-04", "start_time": "15:30:00", "appointment_type": "zoom", "is_active": false, "is_booked": false, "created_at": "2025-10-24T11:16:45.848Z", "created_by": 2}}, {"model": "core.availabletimeslot", "pk": 309, "fields": {"cycle": 1, "salesman": 2, "date": "2025-11-04", "start_time": "16:00:00", "appointment_type": "zoom", "is_active": false, "is_booked": false, "created_at": "2025-10-24T11:16:45.848Z", "created_by": 2}}, {"model": "core.availabletimeslot", "pk": 311, "fields": {"cycle": 1, "salesman": 2, "date": "2025-11-04", "start_time": "16:30:00", "appointment_type": "zoom", "is_active": false, "is_booked": false, "created_at": "2025-10-24T11:16:45.848Z", "created_by": 2}}, {"model": "core.availabletimeslot", "pk": 313, "fields": {"cycle": 1, "salesman": 2, "date": "2025-11-04", "start_time": "17:00:00", "appointment_type": "zoom", "is_active": false, "is_booked": false, "created_at": "2025-10-24T11:16:45.848Z", "created_by": 2}}, {"model": "core.availabletimeslot", "pk": 315, "fields": {"cycle": 1, "salesman": 2, "date": "2025-11-04", "start_time": "17:30:00", "appointment_type": "zoom", "is_active": false, "is_booked": false, "created_at": "2025-10-24T11:16:45.848Z", "created_by": 2}}, {"model": "core.availabletimeslot", "pk": 317, "fields": {"cycle": 1, "salesman": 2, "date": "2025-11-04", "start_time": "18:00:00", "appointment_type": "zoom", "is_active": false, "is_booked": false, "created_at": "2025-10-24T11:16:45.848Z", "created_by": 2}}, {"model": "core.availabletimeslot", "pk": 319, "fields": {"cycle": 1, "salesman": 2, "date": "2025-11-04", "start_time": "18:30:00", "appointment_type": "zoom", "is_active": false, "is_booked": false, "created_at": "2025-10-24T11:16:45.848Z", "created_by": 2}}, {"model": "core.availabletimeslot", "pk": 321, "fields": {"cycle": 1, "salesman": 2, "date": "2025-11-05", "start_time": "09:00:00", "appointment_type": "zoom", "is_active": false, "is_booked": false, "created_at": "2025-10-24T11:16:45.848Z", "created_by": 2}}, {"model": "core.availabletimeslot", "pk": 323, "fields": {"cycle": 1, "salesman": 2, "date": "2025-11-05", "start_time": "09:30:00", "appointment_type": "zoom", "is_active": false, "is_booked": false, "created_at": "2025-10-24T11:16:45.848Z", "created_by": 2}}, {"model": "core.availabletimeslot", "pk": 325, "fields": {"cycle": 1, "salesman": 2, "date": "2025-11-05", "start_time": "10:00:00", "appointment_type": "zoom", "is_active": false, "is_booked": false, "created_at": "2025-10-24T11:16:45.848Z", "created_by": 2}}, {"model": "core.availabletimeslot", "pk": 327, "fields": {"cycle": 1, "salesman": 2, "date": "2025-11-05", "start_time": "10:30:00", "appointment_type": "zoom", "is_active": false, "is_booked": false, "created_at": "2025-10-24T11:16:45.848Z", "created_by": 2}}, {"model": "core.availabletimeslot", "pk": 329, "fields": {"cycle": 1, "salesman": 2, "date": "2025-11-05", "start_time": "11:00:00", "appointment_type": "zoom", "is_active": false, "is_booked": false, "created_at": "2025-10-24T11:16:45.848Z", "created_by": 2}}, {"model": "core.availabletimeslot", "pk": 331, "fields": {"cycle": 1, "salesman": 2, "date": "2025-11-05", "start_time": "11:30:00", "appointment_type": "zoom", "is_active": false, "is_booked": false, "created_at": "2025-10-24T11:16:45.848Z", "created_by": 2}}, {"model": "core.availabletimeslot", "pk": 333, "fields": {"cycle": 1, "salesman": 2, "date": "2025-11-05", "start_time": "12:00:00", "appointment_type": "zoom", "is_active": false, "is_booked": false, "created_at": "2025-10-24T11:16:45.848Z", "created_by": 2}}, {"model": "core.availabletimeslot", "pk": 335, "fields": {"cycle": 1, "salesman": 2, "date": "2025-11-05", "start_time": "12:30:00", "appointment_type": "zoom", "is_active": false, "is_booked": false, "created_at": "2025-10-24T11:16:45.848Z", "created_by": 2}}, {"model": "core.availabletimeslot", "pk": 337, "fields": {"cycle": 1, "salesman": 2, "date": "2025-11-05", "start_time": "13:00:00", "appointment_type": "zoom", "is_active": false, "is_booked": false, "created_at": "2025-10-24T11:16:45.848Z", "created_by": 2}}, {"model": "core.availabletimeslot", "pk": 339, "fields": {"cycle": 1, "salesman": 2, "date": "2025-11-05", "start_time": "13:30:00", "appointment_type": "zoom", "is_active": false, "is_booked": false, "created_at": "2025-10-24T11:16:45.848Z", "created_by": 2}}, {"model": "core.availabletimeslot", "pk": 341, "fields": {"cycle": 1, "salesman": 2, "date": "2025-11-05", "start_time": "14:00:00", "appointment_type": "zoom", "is_active": false, "is_booked": false, "created_at": "2025-10-24T11:16:45.848Z", "created_by": 2}}, {"model": "core.availabletimeslot", "pk": 343, "fields": {"cycle": 1, "salesman": 2, "date": "2025-11-05", "start_time": "14:30:00", "appointment_type": "zoom", "is_active": false, "is_booked": false, "created_at": "2025-10-24T11:16:45.848Z", "created_by": 2}}, {"model": "core.availabletimeslot", "pk": 345, "fields": {"cycle": 1, "salesman": 2, "date": "2025-11-05", "start_time": "15:00:00", "appointment_type": "zoom", "is_active": false, "is_booked": false, "created_at": "2025-10-24T11:16:45.848Z", "created_by": 2}}, {"model": "core.availabletimeslot", "pk": 347, "fields": {"cycle": 1, "salesman": 2, "date": "2025-11-05", "start_time": "15:30:00", "appointment_type": "zoom", "is_active": false, "is_booked": false, "created_at": "2025-10-24T11:16:45.848Z", "created_by": 2}}, {"model": "core.availabletimeslot", "pk": 349, "fields": {"cycle": 1, "salesman": 2, "date": "2025-11-05", "start_time": "16:00:00", "appointment_type": "zoom", "is_active": false, "is_booked": false, "created_at": "2025-10-24T11:16:45.848Z", "created_by": 2}}, {"model": "core.availabletimeslot", "pk": 351, "fields": {"cycle": 1, "salesman": 2, "date": "2025-11-05", "start_time": "16:30:00", "appointment_type": "zoom", "is_active": false, "is_booked": false, "created_at": "2025-10-24T11:16:45.848Z", "created_by": 2}}, {"model": "core.availabletimeslot", "pk": 353, "fields": {"cycle": 1, "salesman": 2, "date": "2025-11-05", "start_time": "17:00:00", "appointment_type": "zoom", "is_active": false, "is_booked": false, "created_at": "2025-10-24T11:16:45.848Z", "created_by": 2}}, {"model": "core.availabletimeslot", "pk": 355, "fields": {"cycle": 1, "salesman": 2, "date": "2025-11-05", "start_time": "17:30:00", "appointment_type": "zoom", "is_active": false, "is_booked": false, "created_at": "2025-10-24T11:16:45.848Z", "created_by": 2}}, {"model": "core.availabletimeslot", "pk": 357, "fields": {"cycle": 1, "salesman": 2, "date": "2025-11-05", "start_time": "18:00:00", "appointment_type": "zoom", "is_active": false, "is_booked": false, "created_at": "2025-10-24T11:16:45.848Z", "created_by": 2}}, {"model": "core.availabletimeslot", "pk": 359, "fields": {"cycle": 1, "salesman": 2, "date": "2025-11-05", "start_time": "18:30:00", "appointment_type": "zoom", "is_active": false, "is_booked": false, "created_at": "2025-10-24T11:16:45.848Z", "created_by": 2}}, {"model": "core.availabletimeslot", "pk": 361, "fields": {"cycle": 1, "salesman": 2, "date": "2025-11-06", "start_time": "09:00:00", "appointment_type": "zoom", "is_active": false, "is_booked": false, "created_at": "2025-10-24T11:16:45.848Z", "created_by": 2}}, {"model": "core.availabletimeslot", "pk": 363, "fields": {"cycle": 1, "salesman": 2, "date": "2025-11-06", "start_time": "09:30:00", "appointment_type": "zoom", "is_active": false, "is_booked": false, "created_at": "2025-10-24T11:16:45.848Z", "created_by": 2}}, {"model": "core.availabletimeslot", "pk": 365, "fields": {"cycle": 1, "salesman": 2, "date": "2025-11-06", "start_time": "10:00:00", "appointment_type": "zoom", "is_active": false, "is_booked": false, "created_at": "2025-10-24T11:16:45.848Z", "created_by": 2}}, {"model": "core.availabletimeslot", "pk": 367, "fields": {"cycle": 1, "salesman": 2, "date": "2025-11-06", "start_time": "10:30:00", "appointment_type": "zoom", "is_active": false, "is_booked": false, "created_at": "2025-10-24T11:16:45.848Z", "created_by": 2}}, {"model": "core.availabletimeslot", "pk": 369, "fields": {"cycle": 1, "salesman": 2, "date": "2025-11-06", "start_time": "11:00:00", "appointment_type": "zoom", "is_active": false, "is_booked": false, "created_at": "2025-10-24T11:16:45.848Z", "created_by": 2}}, {"model": "core.availabletimeslot", "pk": 371, "fields": {"cycle": 1, "salesman": 2, "date": "2025-11-06", "start_time": "11:30:00", "appointment_type": "zoom", "is_active": false, "is_booked": false, "created_at": "2025-10-24T11:16:45.848Z", "created_by": 2}}, {"model": "core.availabletimeslot", "pk": 373, "fields": {"cycle": 1, "salesman": 2, "date": "2025-11-06", "start_time": "12:00:00", "appointment_type": "zoom", "is_active": false, "is_booked": false, "created_at": "2025-10-24T11:16:45.848Z", "created_by": 2}}, {"model": "core.availabletimeslot", "pk": 375, "fields": {"cycle": 1, "salesman": 2, "date": "2025-11-06", "start_time": "12:30:00", "appointment_type": "zoom", "is_active": false, "is_booked": false, "created_at": "2025-10-24T11:16:45.848Z", "created_by": 2}}, {"model": "core.availabletimeslot", "pk": 377, "fields": {"cycle": 1, "salesman": 2, "date": "2025-11-06", "start_time": "13:00:00", "appointment_type": "zoom", "is_active": false, "is_booked": false, "created_at": "2025-10-24T11:16:45.849Z", "created_by": 2}}, {"model": "core.availabletimeslot", "pk": 379, "fields": {"cycle": 1, "salesman": 2, "date": "2025-11-06", "start_time": "13:30:00", "appointment_type": "zoom", "is_active": false, "is_booked": false, "created_at": "2025-10-24T11:16:45.849Z", "created_by": 2}}, {"model": "core.availabletimeslot", "pk": 381, "fields": {"cycle": 1, "salesman": 2, "date": "2025-11-06", "start_time": "14:00:00", "appointment_type": "zoom", "is_active": false, "is_booked": false, "created_at": "2025-10-24T11:16:45.849Z", "created_by": 2}}, {"model": "core.availabletimeslot", "pk": 383, "fields": {"cycle": 1, "salesman": 2, "date": "2025-11-06", "start_time": "14:30:00", "appointment_type": "zoom", "is_active": false, "is_booked": false, "created_at": "2025-10-24T11:16:45.849Z", "created_by": 2}}, {"model": "core.availabletimeslot", "pk": 385, "fields": {"cycle": 1, "salesman": 2, "date": "2025-11-06", "start_time": "15:00:00", "appointment_type": "zoom", "is_active": false, "is_booked": false, "created_at": "2025-10-24T11:16:45.849Z", "created_by": 2}}, {"model": "core.availabletimeslot", "pk": 387, "fields": {"cycle": 1, "salesman": 2, "date": "2025-11-06", "start_time": "15:30:00", "appointment_type": "zoom", "is_active": false, "is_booked": false, "created_at": "2025-10-24T11:16:45.849Z", "created_by": 2}}, {"model": "core.availabletimeslot", "pk": 389, "fields": {"cycle": 1, "salesman": 2, "date": "2025-11-06", "start_time": "16:00:00", "appointment_type": "zoom", "is_active": false, "is_booked": false, "created_at": "2025-10-24T11:16:45.849Z", "created_by": 2}}, {"model": "core.availabletimeslot", "pk": 391, "fields": {"cycle": 1, "salesman": 2, "date": "2025-11-06", "start_time": "16:30:00", "appointment_type": "zoom", "is_active": false, "is_booked": false, "created_at": "2025-10-24T11:16:45.849Z", "created_by": 2}}, {"model": "core.availabletimeslot", "pk": 393, "fields": {"cycle": 1, "salesman": 2, "date": "2025-11-06", "start_time": "17:00:00", "appointment_type": "zoom", "is_active": false, "is_booked": false, "created_at": "2025-10-24T11:16:45.849Z", "created_by": 2}}, {"model": "core.availabletimeslot", "pk": 395, "fields": {"cycle": 1, "salesman": 2, "date": "2025-11-06", "start_time": "17:30:00", "appointment_type": "zoom", "is_active": false, "is_booked": false, "created_at": "2025-10-24T11:16:45.849Z", "created_by": 2}}, {"model": "core.availabletimeslot", "pk": 397, "fields": {"cycle": 1, "salesman": 2, "date": "2025-11-06", "start_time": "18:00:00", "appointment_type": "zoom", "is_active": false, "is_booked": false, "created_at": "2025-10-24T11:16:45.849Z", "created_by": 2}}, {"model": "core.availabletimeslot", "pk": 399, "fields": {"cycle": 1, "salesman": 2, "date": "2025-11-06", "start_time": "18:30:00", "appointment_type": "zoom", "is_active": false, "is_booked": false, "created_at": "2025-10-24T11:16:45.849Z", "created_by": 2}}, {"model": "core.availabletimeslot", "pk": 408, "fields": {"cycle": 1, "salesman": 12, "date": "2025-10-24", "start_time": "10:30:00", "appointment_type": "in_person", "is_active": false, "is_booked": false, "created_at": "2025-10-24T11:42:30.871Z", "created_by": 12}}, {"model": "core.availabletimeslot", "pk": 410, "fields": {"cycle": 1, "salesman": 12, "date": "2025-10-24", "start_time": "11:00:00", "appointment_type": "in_person", "is_active": false, "is_booked": false, "created_at": "2025-10-24T11:42:30.871Z", "created_by": 12}}, {"model": "core.availabletimeslot", "pk": 412, "fields": {"cycle": 1, "salesman": 12, "date": "2025-10-24", "start_time": "11:30:00", "appointment_type": "in_person", "is_active": false, "is_booked": false, "created_at": "2025-10-24T11:42:30.871Z", "created_by": 12}}, {"model": "core.availabletimeslot", "pk": 414, "fields": {"cycle": 1, "salesman": 12, "date": "2025-10-24", "start_time": "12:00:00", "appointment_type": "in_person", "is_active": false, "is_booked": false, "created_at": "2025-10-24T11:42:30.871Z", "created_by": 12}}, {"model": "core.availabletimeslot", "pk": 416, "fields": {"cycle": 1, "salesman": 12, "date": "2025-10-24", "start_time": "12:30:00", "appointment_type": "in_person", "is_active": false, "is_booked": false, "created_at": "2025-10-24T11:42:30.871Z", "created_by": 12}}, {"model": "core.availabletimeslot", "pk": 418, "fields": {"cycle": 1, "salesman": 12, "date": "2025-10-24", "start_time": "13:00:00", "appointment_type": "in_person", "is_active": false, "is_booked": false, "created_at": "2025-10-24T11:42:30.871Z", "created_by": 12}}, {"model": "core.availabletimeslot", "pk": 420, "fields": {"cycle": 1, "salesman": 12, "date": "2025-10-24", "start_time": "13:30:00", "appointment_type": "in_person", "is_active": false, "is_booked": false, "created_at": "2025-10-24T11:42:30.871Z", "created_by": 12}}, {"model": "core.availabletimeslot", "pk": 422, "fields": {"cycle": 1, "salesman": 12, "date": "2025-10-24", "start_time": "14:00:00", "appointment_type": "in_person", "is_active": false, "is_booked": false, "created_at": "2025-10-24T11:42:30.871Z", "created_by": 12}}, {"model": "core.availabletimeslot", "pk": 424, "fields": {"cycle": 1, "salesman": 12, "date": "2025-10-24", "start_time": "14:30:00", "appointment_type": "in_person", "is_active": false, "is_booked": false, "created_at": "2025-10-24T11:42:30.871Z", "created_by": 12}}, {"model": "core.availabletimeslot", "pk": 426, "fields": {"cycle": 1, "salesman": 12, "date": "2025-10-24", "start_time": "15:00:00", "appointment_type": "in_person", "is_active": false, "is_booked": false, "created_at": "2025-10-24T11:42:30.871Z", "created_by": 12}}, {"model": "core.availabletimeslot", "pk": 428, "fields": {"cycle": 1, "salesman": 12, "date": "2025-10-24", "start_time": "15:30:00", "appointment_type": "in_person", "is_active": false, "is_booked": false, "created_at": "2025-10-24T11:42:30.871Z", "created_by": 12}}, {"model": "core.availabletimeslot", "pk": 430, "fields": {"cycle": 1, "salesman": 12, "date": "2025-10-24", "start_time": "16:00:00", "appointment_type": "in_person", "is_active": false, "is_booked": false, "created_at": "2025-10-24T11:42:30.871Z", "created_by": 12}}, {"model": "core.availabletimeslot", "pk": 432, "fields": {"cycle": 1, "salesman": 12, "date": "2025-10-24", "start_time": "16:30:00", "appointment_type": "in_person", "is_active": false, "is_booked": false, "created_at": "2025-10-24T11:42:30.871Z", "created_by": 12}}, {"model": "core.availabletimeslot", "pk": 434, "fields": {"cycle": 1, "salesman": 12, "date": "2025-10-24", "start_time": "17:00:00", "appointment_type": "in_person", "is_active": false, "is_booked": false, "created_at": "2025-10-24T11:42:30.871Z", "created_by": 12}}, {"model": "core.availabletimeslot", "pk": 436, "fields": {"cycle": 1, "salesman": 12, "date": "2025-10-24", "start_time": "17:30:00", "appointment_type": "in_person", "is_active": false, "is_booked": false, "created_at": "2025-10-24T11:42:30.871Z", "created_by": 12}}, {"model": "core.availabletimeslot", "pk": 438, "fields": {"cycle": 1, "salesman": 12, "date": "2025-10-24", "start_time": "18:00:00", "appointment_type": "in_person", "is_active": false, "is_booked": false, "created_at": "2025-10-24T11:42:30.871Z", "created_by": 12}}, {"model": "core.availabletimeslot", "pk": 440, "fields": {"cycle": 1, "salesman": 12, "date": "2025-10-24", "start_time": "18:30:00", "appointment_type": "in_person", "is_active": false, "is_booked": false, "created_at": "2025-10-24T11:42:30.871Z", "created_by": 12}}, {"model": "core.availabletimeslot", "pk": 801, "fields": {"cycle": 3, "salesman": 2, "date": "2025-10-22", "start_time": "09:30:00", "appointment_type": "in_person", "is_active": false, "is_booked": true, "created_at": "2025-10-24T14:18:31.080Z", "created_by": 2}}, {"model": "core.availabletimeslot", "pk": 802, "fields": {"cycle": 3, "salesman": 2, "date": "2025-10-22", "start_time": "12:00:00", "appointment_type": "in_person", "is_active": false, "is_booked": true, "created_at": "2025-10-24T14:27:46.913Z", "created_by": 2}}, {"model": "core.availabletimeslot", "pk": 803, "fields": {"cycle": 3, "salesman": 2, "date": "2025-10-22", "start_time": "14:00:00", "appointment_type": "in_person", "is_active": false, "is_booked": true, "created_at": "2025-10-24T14:43:19.628Z", "created_by": 2}}, {"model": "core.availabletimeslot", "pk": 804, "fields": {"cycle": 3, "salesman": 2, "date": "2025-10-23", "start_time": "10:00:00", "appointment_type": "in_person", "is_active": false, "is_booked": true, "created_at": "2025-10-24T14:50:49.443Z", "created_by": 2}}, {"model": "core.availabletimeslot", "pk": 806, "fields": {"cycle": null, "salesman": 12, "date": "2025-10-25", "start_time": "09:00:00", "appointment_type": "in_person", "is_active": false, "is_booked": false, "created_at": "2025-10-24T16:03:41.013Z", "created_by": 1}}, {"model": "core.availabletimeslot", "pk": 807, "fields": {"cycle": null, "salesman": 12, "date": "2025-10-25", "start_time": "10:00:00", "appointment_type": "in_person", "is_active": false, "is_booked": false, "created_at": "2025-10-24T16:03:58.435Z", "created_by": 1}}, {"model": "core.availabletimeslot", "pk": 808, "fields": {"cycle": null, "salesman": 12, "date": "2025-10-25", "start_time": "11:00:00", "appointment_type": "in_person", "is_active": false, "is_booked": false, "created_at": "2025-10-24T16:04:16.074Z", "created_by": 1}}, {"model": "core.availabletimeslot", "pk": 809, "fields": {"cycle": null, "salesman": 12, "date": "2025-10-25", "start_time": "12:00:00", "appointment_type": "in_person", "is_active": false, "is_booked": false, "created_at": "2025-10-24T16:04:38.240Z", "created_by": 1}}, {"model": "core.availabletimeslot", "pk": 810, "fields": {"cycle": null, "salesman": 12, "date": "2025-10-25", "start_time": "13:00:00", "appointment_type": "in_person", "is_active": false, "is_booked": false, "created_at": "2025-10-24T16:04:57.065Z", "created_by": 1}}, {"model": "core.availabletimeslot", "pk": 811, "fields": {"cycle": null, "salesman": 12, "date": "2025-10-25", "start_time": "14:00:00", "appointment_type": "in_person", "is_active": false, "is_booked": false, "created_at": "2025-10-24T16:05:14.784Z", "created_by": 1}}, {"model": "core.availabletimeslot", "pk": 812, "fields": {"cycle": null, "salesman": 12, "date": "2025-10-25", "start_time": "15:00:00", "appointment_type": "in_person", "is_active": false, "is_booked": false, "created_at": "2025-10-24T16:05:30.506Z", "created_by": 1}}, {"model": "core.availabletimeslot", "pk": 813, "fields": {"cycle": null, "salesman": 12, "date": "2025-10-25", "start_time": "16:00:00", "appointment_type": "in_person", "is_active": false, "is_booked": false, "created_at": "2025-10-24T16:05:48.724Z", "created_by": 1}}, {"model": "core.availabletimeslot", "pk": 815, "fields": {"cycle": null, "salesman": 12, "date": "2025-10-25", "start_time": "19:00:00", "appointment_type": "in_person", "is_active": false, "is_booked": false, "created_at": "2025-10-24T16:07:34.218Z", "created_by": 1}}, {"model": "core.availabletimeslot", "pk": 817, "fields": {"cycle": 3, "salesman": 2, "date": "2025-10-23", "start_time": "11:00:00", "appointment_type": "in_person", "is_active": false, "is_booked": true, "created_at": "2025-10-24T23:05:59.370Z", "created_by": 2}}, {"model": "core.availabletimeslot", "pk": 899, "fields": {"cycle": 1, "salesman": 12, "date": "2025-10-25", "start_time": "09:30:00", "appointment_type": "in_person", "is_active": false, "is_booked": false, "created_at": "2025-10-25T05:54:24.225Z", "created_by": 12}}, {"model": "core.availabletimeslot", "pk": 901, "fields": {"cycle": 1, "salesman": 12, "date": "2025-10-25", "start_time": "10:30:00", "appointment_type": "in_person", "is_active": false, "is_booked": false, "created_at": "2025-10-25T05:54:24.225Z", "created_by": 12}}, {"model": "core.availabletimeslot", "pk": 903, "fields": {"cycle": 1, "salesman": 12, "date": "2025-10-25", "start_time": "11:30:00", "appointment_type": "in_person", "is_active": false, "is_booked": false, "created_at": "2025-10-25T05:54:24.225Z", "created_by": 12}}, {"model": "core.availabletimeslot", "pk": 905, "fields": {"cycle": 1, "salesman": 12, "date": "2025-10-25", "start_time": "12:30:00", "appointment_type": "in_person", "is_active": false, "is_booked": false, "created_at": "2025-10-25T05:54:24.225Z", "created_by": 12}}, {"model": "core.availabletimeslot", "pk": 907, "fields": {"cycle": 1, "salesman": 12, "date": "2025-10-25", "start_time": "13:30:00", "appointment_type": "in_person", "is_active": false, "is_booked": false, "created_at": "2025-10-25T05:54:24.225Z", "created_by": 12}}, {"model": "core.availabletimeslot", "pk": 914, "fields": {"cycle": 1, "salesman": 12, "date": "2025-10-25", "start_time": "17:00:00", "appointment_type": "in_person", "is_active": false, "is_booked": true, "created_at": "2025-10-25T05:54:24.225Z", "created_by": 12}}, {"model": "core.availabletimeslot", "pk": 918, "fields": {"cycle": null, "salesman": 12, "date": "2025-10-26", "start_time": "09:30:00", "appointment_type": "in_person", "is_active": false, "is_booked": true, "created_at": "2025-10-25T16:37:17.467Z", "created_by": 1}}, {"model": "core.availabletimeslot", "pk": 919, "fields": {"cycle": null, "salesman": 12, "date": "2025-10-27", "start_time": "11:00:00", "appointment_type": "in_person", "is_active": false, "is_booked": false, "created_at": "2025-10-25T19:01:14.740Z", "created_by": 1}}, {"model": "core.availabletimeslot", "pk": 921, "fields": {"cycle": 1, "salesman": 12, "date": "2025-10-27", "start_time": "09:30:00", "appointment_type": "in_person", "is_active": false, "is_booked": false, "created_at": "2025-10-25T19:07:22.853Z", "created_by": 12}}, {"model": "core.availabletimeslot", "pk": 923, "fields": {"cycle": 1, "salesman": 12, "date": "2025-10-27", "start_time": "10:30:00", "appointment_type": "in_person", "is_active": false, "is_booked": false, "created_at": "2025-10-25T19:07:22.853Z", "created_by": 12}}, {"model": "core.availabletimeslot", "pk": 925, "fields": {"cycle": 1, "salesman": 12, "date": "2025-10-27", "start_time": "11:30:00", "appointment_type": "in_person", "is_active": false, "is_booked": false, "created_at": "2025-10-25T19:07:22.853Z", "created_by": 12}}, {"model": "core.availabletimeslot", "pk": 926, "fields": {"cycle": 1, "salesman": 12, "date": "2025-10-27", "start_time": "12:00:00", "appointment_type": "in_person", "is_active": false, "is_booked": false, "created_at": "2025-10-25T19:07:22.853Z", "created_by": 12}}, {"model": "core.availabletimeslot", "pk": 927, "fields": {"cycle": 1, "salesman": 12, "date": "2025-10-27", "start_time": "12:30:00", "appointment_type": "in_person", "is_active": false, "is_booked": false, "created_at": "2025-10-25T19:07:22.853Z", "created_by": 12}}, {"model": "core.availabletimeslot", "pk": 928, "fields": {"cycle": 1, "salesman": 12, "date": "2025-10-27", "start_time": "13:00:00", "appointment_type": "in_person", "is_active": false, "is_booked": false, "created_at": "2025-10-25T19:07:22.853Z", "created_by": 12}}, {"model": "core.availabletimeslot", "pk": 929, "fields": {"cycle": 1, "salesman": 12, "date": "2025-10-27", "start_time": "13:30:00", "appointment_type": "in_person", "is_active": false, "is_booked": false, "created_at": "2025-10-25T19:07:22.853Z", "created_by": 12}}, {"model": "core.availabletimeslot", "pk": 930, "fields": {"cycle": 1, "salesman": 12, "date": "2025-10-27", "start_time": "14:00:00", "appointment_type": "in_person", "is_active": false, "is_booked": false, "created_at": "2025-10-25T19:07:22.853Z", "created_by": 12}}, {"model": "core.availabletimeslot", "pk": 931, "fields": {"cycle": 1, "salesman": 12, "date": "2025-10-27", "start_time": "14:30:00", "appointment_type": "in_person", "is_active": false, "is_booked": false, "created_at": "2025-10-25T19:07:22.853Z", "created_by": 12}}, {"model": "core.availabletimeslot", "pk": 932, "fields": {"cycle": 1, "salesman": 12, "date": "2025-10-27", "start_time": "15:00:00", "appointment_type": "in_person", "is_active": false, "is_booked": false, "created_at": "2025-10-25T19:07:22.853Z", "created_by": 12}}, {"model": "core.availabletimeslot", "pk": 933, "fields": {"cycle": 1, "salesman": 12, "date": "2025-10-27", "start_time": "15:30:00", "appointment_type": "in_person", "is_active": false, "is_booked": false, "created_at": "2025-10-25T19:07:22.853Z", "created_by": 12}}, {"model": "core.availabletimeslot", "pk": 934, "fields": {"cycle": 1, "salesman": 12, "date": "2025-10-27", "start_time": "16:00:00", "appointment_type": "in_person", "is_active": false, "is_booked": false, "created_at": "2025-10-25T19:07:22.853Z", "created_by": 12}}, {"model": "core.availabletimeslot", "pk": 935, "fields": {"cycle": 1, "salesman": 12, "date": "2025-10-27", "start_time": "16:30:00", "appointment_type": "in_person", "is_active": false, "is_booked": false, "created_at": "2025-10-25T19:07:22.853Z", "created_by": 12}}, {"model": "core.availabletimeslot", "pk": 936, "fields": {"cycle": 1, "salesman": 12, "date": "2025-10-27", "start_time": "17:00:00", "appointment_type": "in_person", "is_active": false, "is_booked": false, "created_at": "2025-10-25T19:07:22.853Z", "created_by": 12}}, {"model": "core.availabletimeslot", "pk": 937, "fields": {"cycle": 1, "salesman": 12, "date": "2025-10-27", "start_time": "17:30:00", "appointment_type": "in_person", "is_active": false, "is_booked": false, "created_at": "2025-10-25T19:07:22.853Z", "created_by": 12}}, {"model": "core.availabletimeslot", "pk": 938, "fields": {"cycle": 1, "salesman": 12, "date": "2025-10-27", "start_time": "18:00:00", "appointment_type": "in_person", "is_active": false, "is_booked": false, "created_at": "2025-10-25T19:07:22.853Z", "created_by": 12}}, {"model": "core.availabletimeslot", "pk": 939, "fields": {"cycle": 1, "salesman": 12, "date": "2025-10-27", "start_time": "18:30:00", "appointment_type": "in_person", "is_active": false, "is_booked": false, "created_at": "2025-10-25T19:07:22.853Z", "created_by": 12}}, {"model": "core.availabletimeslot", "pk": 940, "fields": {"cycle": 1, "salesman": 12, "date": "2025-10-28", "start_time": "09:00:00", "appointment_type": "in_person", "is_active": false, "is_booked": false, "created_at": "2025-10-25T19:07:22.853Z", "created_by": 12}}, {"model": "core.availabletimeslot", "pk": 941, "fields": {"cycle": 1, "salesman": 12, "date": "2025-10-28", "start_time": "09:30:00", "appointment_type": "in_person", "is_active": false, "is_booked": false, "created_at": "2025-10-25T19:07:22.853Z", "created_by": 12}}, {"model": "core.availabletimeslot", "pk": 942, "fields": {"cycle": 1, "salesman": 12, "date": "2025-10-28", "start_time": "10:00:00", "appointment_type": "in_person", "is_active": false, "is_booked": false, "created_at": "2025-10-25T19:07:22.853Z", "created_by": 12}}, {"model": "core.availabletimeslot", "pk": 943, "fields": {"cycle": 1, "salesman": 12, "date": "2025-10-28", "start_time": "10:30:00", "appointment_type": "in_person", "is_active": false, "is_booked": false, "created_at": "2025-10-25T19:07:22.853Z", "created_by": 12}}, {"model": "core.availabletimeslot", "pk": 944, "fields": {"cycle": 1, "salesman": 12, "date": "2025-10-28", "start_time": "11:00:00", "appointment_type": "in_person", "is_active": false, "is_booked": false, "created_at": "2025-10-25T19:07:22.853Z", "created_by": 12}}, {"model": "core.availabletimeslot", "pk": 945, "fields": {"cycle": 1, "salesman": 12, "date": "2025-10-28", "start_time": "11:30:00", "appointment_type": "in_person", "is_active": false, "is_booked": false, "created_at": "2025-10-25T19:07:22.853Z", "created_by": 12}}, {"model": "core.availabletimeslot", "pk": 946, "fields": {"cycle": 1, "salesman": 12, "date": "2025-10-28", "start_time": "12:00:00", "appointment_type": "in_person", "is_active": false, "is_booked": false, "created_at": "2025-10-25T19:07:22.853Z", "created_by": 12}}, {"model": "core.availabletimeslot", "pk": 947, "fields": {"cycle": 1, "salesman": 12, "date": "2025-10-28", "start_time": "12:30:00", "appointment_type": "in_person", "is_active": false, "is_booked": false, "created_at": "2025-10-25T19:07:22.853Z", "created_by": 12}}, {"model": "core.availabletimeslot", "pk": 948, "fields": {"cycle": 1, "salesman": 12, "date": "2025-10-28", "start_time": "13:00:00", "appointment_type": "in_person", "is_active": false, "is_booked": false, "created_at": "2025-10-25T19:07:22.853Z", "created_by": 12}}, {"model": "core.availabletimeslot", "pk": 949, "fields": {"cycle": 1, "salesman": 12, "date": "2025-10-28", "start_time": "13:30:00", "appointment_type": "in_person", "is_active": false, "is_booked": false, "created_at": "2025-10-25T19:07:22.853Z", "created_by": 12}}, {"model": "core.availabletimeslot", "pk": 950, "fields": {"cycle": 1, "salesman": 12, "date": "2025-10-28", "start_time": "14:00:00", "appointment_type": "in_person", "is_active": false, "is_booked": false, "created_at": "2025-10-25T19:07:22.853Z", "created_by": 12}}, {"model": "core.availabletimeslot", "pk": 951, "fields": {"cycle": 1, "salesman": 12, "date": "2025-10-28", "start_time": "14:30:00", "appointment_type": "in_person", "is_active": false, "is_booked": false, "created_at": "2025-10-25T19:07:22.853Z", "created_by": 12}}, {"model": "core.availabletimeslot", "pk": 952, "fields": {"cycle": 1, "salesman": 12, "date": "2025-10-28", "start_time": "15:00:00", "appointment_type": "in_person", "is_active": false, "is_booked": false, "created_at": "2025-10-25T19:07:22.853Z", "created_by": 12}}, {"model": "core.availabletimeslot", "pk": 953, "fields": {"cycle": 1, "salesman": 12, "date": "2025-10-28", "start_time": "15:30:00", "appointment_type": "in_person", "is_active": false, "is_booked": false, "created_at": "2025-10-25T19:07:22.853Z", "created_by": 12}}, {"model": "core.availabletimeslot", "pk": 954, "fields": {"cycle": 1, "salesman": 12, "date": "2025-10-28", "start_time": "16:00:00", "appointment_type": "in_person", "is_active": false, "is_booked": false, "created_at": "2025-10-25T19:07:22.853Z", "created_by": 12}}, {"model": "core.availabletimeslot", "pk": 955, "fields": {"cycle": 1, "salesman": 12, "date": "2025-10-28", "start_time": "16:30:00", "appointment_type": "in_person", "is_active": false, "is_booked": false, "created_at": "2025-10-25T19:07:22.853Z", "created_by": 12}}, {"model": "core.availabletimeslot", "pk": 956, "fields": {"cycle": 1, "salesman": 12, "date": "2025-10-28", "start_time": "17:00:00", "appointment_type": "in_person", "is_active": false, "is_booked": false, "created_at": "2025-10-25T19:07:22.853Z", "created_by": 12}}, {"model": "core.availabletimeslot", "pk": 957, "fields": {"cycle": 1, "salesman": 12, "date": "2025-10-28", "start_time": "17:30:00", "appointment_type": "in_person", "is_active": false, "is_booked": false, "created_at": "2025-10-25T19:07:22.853Z", "created_by": 12}}, {"model": "core.availabletimeslot", "pk": 958, "fields": {"cycle": 1, "salesman": 12, "date": "2025-10-28", "start_time": "18:00:00", "appointment_type": "in_person", "is_active": false, "is_booked": false, "created_at": "2025-10-25T19:07:22.853Z", "created_by": 12}}, {"model": "core.availabletimeslot", "pk": 959, "fields": {"cycle": 1, "salesman": 12, "date": "2025-10-28", "start_time": "18:30:00", "appointment_type": "in_person", "is_active": false, "is_booked": false, "created_at": "2025-10-25T19:07:22.853Z", "created_by": 12}}, {"model": "core.availabletimeslot", "pk": 1160, "fields": {"cycle": 1, "salesman": 12, "date": "2025-10-27", "start_time": "09:00:00", "appointment_type": "in_person", "is_active": false, "is_booked": false, "created_at": "2025-10-26T13:03:09.089Z", "created_by": 12}}, {"model": "core.availabletimeslot", "pk": 1162, "fields": {"cycle": 1, "salesman": 12, "date": "2025-10-27", "start_time": "10:00:00", "appointment_type": "in_person", "is_active": false, "is_booked": false, "created_at": "2025-10-26T13:03:09.089Z", "created_by": 12}}, {"model": "core.availabletimeslot", "pk": 1200, "fields": {"cycle": 1, "salesman": 12, "date": "2025-10-29", "start_time": "09:00:00", "appointment_type": "in_person", "is_active": false, "is_booked": false, "created_at": "2025-10-26T13:03:09.089Z", "created_by": 12}}, {"model": "core.availabletimeslot", "pk": 1201, "fields": {"cycle": 1, "salesman": 12, "date": "2025-10-29", "start_time": "09:30:00", "appointment_type": "in_person", "is_active": false, "is_booked": false, "created_at": "2025-10-26T13:03:09.089Z", "created_by": 12}}, {"model": "core.availabletimeslot", "pk": 1202, "fields": {"cycle": 1, "salesman": 12, "date": "2025-10-29", "start_time": "10:00:00", "appointment_type": "in_person", "is_active": false, "is_booked": false, "created_at": "2025-10-26T13:03:09.089Z", "created_by": 12}}, {"model": "core.availabletimeslot", "pk": 1203, "fields": {"cycle": 1, "salesman": 12, "date": "2025-10-29", "start_time": "10:30:00", "appointment_type": "in_person", "is_active": false, "is_booked": false, "created_at": "2025-10-26T13:03:09.089Z", "created_by": 12}}, {"model": "core.availabletimeslot", "pk": 1204, "fields": {"cycle": 1, "salesman": 12, "date": "2025-10-29", "start_time": "11:00:00", "appointment_type": "in_person", "is_active": false, "is_booked": false, "created_at": "2025-10-26T13:03:09.089Z", "created_by": 12}}, {"model": "core.availabletimeslot", "pk": 1205, "fields": {"cycle": 1, "salesman": 12, "date": "2025-10-29", "start_time": "11:30:00", "appointment_type": "in_person", "is_active": false, "is_booked": false, "created_at": "2025-10-26T13:03:09.089Z", "created_by": 12}}, {"model": "core.availabletimeslot", "pk": 1206, "fields": {"cycle": 1, "salesman": 12, "date": "2025-10-29", "start_time": "12:00:00", "appointment_type": "in_person", "is_active": false, "is_booked": false, "created_at": "2025-10-26T13:03:09.089Z", "created_by": 12}}, {"model": "core.availabletimeslot", "pk": 1207, "fields": {"cycle": 1, "salesman": 12, "date": "2025-10-29", "start_time": "12:30:00", "appointment_type": "in_person", "is_active": false, "is_booked": false, "created_at": "2025-10-26T13:03:09.089Z", "created_by": 12}}, {"model": "core.availabletimeslot", "pk": 1208, "fields": {"cycle": 1, "salesman": 12, "date": "2025-10-29", "start_time": "13:00:00", "appointment_type": "in_person", "is_active": false, "is_booked": false, "created_at": "2025-10-26T13:03:09.089Z", "created_by": 12}}, {"model": "core.availabletimeslot", "pk": 1209, "fields": {"cycle": 1, "salesman": 12, "date": "2025-10-29", "start_time": "13:30:00", "appointment_type": "in_person", "is_active": false, "is_booked": false, "created_at": "2025-10-26T13:03:09.089Z", "created_by": 12}}, {"model": "core.availabletimeslot", "pk": 1210, "fields": {"cycle": 1, "salesman": 12, "date": "2025-10-29", "start_time": "14:00:00", "appointment_type": "in_person", "is_active": false, "is_booked": false, "created_at": "2025-10-26T13:03:09.089Z", "created_by": 12}}, {"model": "core.availabletimeslot", "pk": 1211, "fields": {"cycle": 1, "salesman": 12, "date": "2025-10-29", "start_time": "14:30:00", "appointment_type": "in_person", "is_active": false, "is_booked": false, "created_at": "2025-10-26T13:03:09.089Z", "created_by": 12}}, {"model": "core.availabletimeslot", "pk": 1212, "fields": {"cycle": 1, "salesman": 12, "date": "2025-10-29", "start_time": "15:00:00", "appointment_type": "in_person", "is_active": false, "is_booked": false, "created_at": "2025-10-26T13:03:09.089Z", "created_by": 12}}, {"model": "core.availabletimeslot", "pk": 1213, "fields": {"cycle": 1, "salesman": 12, "date": "2025-10-29", "start_time": "15:30:00", "appointment_type": "in_person", "is_active": false, "is_booked": false, "created_at": "2025-10-26T13:03:09.089Z", "created_by": 12}}, {"model": "core.availabletimeslot", "pk": 1214, "fields": {"cycle": 1, "salesman": 12, "date": "2025-10-29", "start_time": "16:00:00", "appointment_type": "in_person", "is_active": false, "is_booked": false, "created_at": "2025-10-26T13:03:09.089Z", "created_by": 12}}, {"model": "core.availabletimeslot", "pk": 1215, "fields": {"cycle": 1, "salesman": 12, "date": "2025-10-29", "start_time": "16:30:00", "appointment_type": "in_person", "is_active": false, "is_booked": false, "created_at": "2025-10-26T13:03:09.089Z", "created_by": 12}}, {"model": "core.availabletimeslot", "pk": 1216, "fields": {"cycle": 1, "salesman": 12, "date": "2025-10-29", "start_time": "17:00:00", "appointment_type": "in_person", "is_active": false, "is_booked": false, "created_at": "2025-10-26T13:03:09.089Z", "created_by": 12}}, {"model": "core.availabletimeslot", "pk": 1217, "fields": {"cycle": 1, "salesman": 12, "date": "2025-10-29", "start_time": "17:30:00", "appointment_type": "in_person", "is_active": false, "is_booked": false, "created_at": "2025-10-26T13:03:09.089Z", "created_by": 12}}, {"model": "core.availabletimeslot", "pk": 1218, "fields": {"cycle": 1, "salesman": 12, "date": "2025-10-29", "start_time": "18:00:00", "appointment_type": "in_person", "is_active": false, "is_booked": false, "created_at": "2025-10-26T13:03:09.089Z", "created_by": 12}}, {"model": "core.availabletimeslot", "pk": 1219, "fields": {"cycle": 1, "salesman": 12, "date": "2025-10-29", "start_time": "18:30:00", "appointment_type": "in_person", "is_active": false, "is_booked": false, "created_at": "2025-10-26T13:03:09.089Z", "created_by": 12}}, {"model": "core.availabletimeslot", "pk": 1220, "fields": {"cycle": 1, "salesman": 2, "date": "2025-10-26", "start_time": "09:00:00", "appointment_type": "in_person", "is_active": false, "is_booked": false, "created_at": "2025-10-26T19:17:03.877Z", "created_by": 2}}, {"model": "core.availabletimeslot", "pk": 1221, "fields": {"cycle": 1, "salesman": 2, "date": "2025-10-26", "start_time": "09:30:00", "appointment_type": "in_person", "is_active": false, "is_booked": false, "created_at": "2025-10-26T19:17:03.877Z", "created_by": 2}}, {"model": "core.availabletimeslot", "pk": 1222, "fields": {"cycle": 1, "salesman": 2, "date": "2025-10-26", "start_time": "10:00:00", "appointment_type": "in_person", "is_active": false, "is_booked": false, "created_at": "2025-10-26T19:17:03.877Z", "created_by": 2}}, {"model": "core.availabletimeslot", "pk": 1223, "fields": {"cycle": 1, "salesman": 2, "date": "2025-10-26", "start_time": "10:30:00", "appointment_type": "in_person", "is_active": false, "is_booked": false, "created_at": "2025-10-26T19:17:03.877Z", "created_by": 2}}, {"model": "core.availabletimeslot", "pk": 1224, "fields": {"cycle": 1, "salesman": 2, "date": "2025-10-26", "start_time": "11:00:00", "appointment_type": "in_person", "is_active": false, "is_booked": false, "created_at": "2025-10-26T19:17:03.877Z", "created_by": 2}}, {"model": "core.availabletimeslot", "pk": 1225, "fields": {"cycle": 1, "salesman": 2, "date": "2025-10-26", "start_time": "11:30:00", "appointment_type": "in_person", "is_active": false, "is_booked": false, "created_at": "2025-10-26T19:17:03.877Z", "created_by": 2}}, {"model": "core.availabletimeslot", "pk": 1226, "fields": {"cycle": 1, "salesman": 2, "date": "2025-10-26", "start_time": "12:00:00", "appointment_type": "in_person", "is_active": false, "is_booked": false, "created_at": "2025-10-26T19:17:03.877Z", "created_by": 2}}, {"model": "core.availabletimeslot", "pk": 1227, "fields": {"cycle": 1, "salesman": 2, "date": "2025-10-26", "start_time": "12:30:00", "appointment_type": "in_person", "is_active": false, "is_booked": false, "created_at": "2025-10-26T19:17:03.877Z", "created_by": 2}}, {"model": "core.availabletimeslot", "pk": 1228, "fields": {"cycle": 1, "salesman": 2, "date": "2025-10-26", "start_time": "13:00:00", "appointment_type": "in_person", "is_active": false, "is_booked": false, "created_at": "2025-10-26T19:17:03.877Z", "created_by": 2}}, {"model": "core.availabletimeslot", "pk": 1229, "fields": {"cycle": 1, "salesman": 2, "date": "2025-10-26", "start_time": "13:30:00", "appointment_type": "in_person", "is_active": false, "is_booked": false, "created_at": "2025-10-26T19:17:03.877Z", "created_by": 2}}, {"model": "core.availabletimeslot", "pk": 1230, "fields": {"cycle": 1, "salesman": 2, "date": "2025-10-26", "start_time": "14:00:00", "appointment_type": "in_person", "is_active": false, "is_booked": false, "created_at": "2025-10-26T19:17:03.877Z", "created_by": 2}}, {"model": "core.availabletimeslot", "pk": 1231, "fields": {"cycle": 1, "salesman": 2, "date": "2025-10-26", "start_time": "14:30:00", "appointment_type": "in_person", "is_active": false, "is_booked": false, "created_at": "2025-10-26T19:17:03.877Z", "created_by": 2}}, {"model": "core.availabletimeslot", "pk": 1232, "fields": {"cycle": 1, "salesman": 2, "date": "2025-10-26", "start_time": "15:00:00", "appointment_type": "in_person", "is_active": false, "is_booked": false, "created_at": "2025-10-26T19:17:03.877Z", "created_by": 2}}, {"model": "core.availabletimeslot", "pk": 1233, "fields": {"cycle": 1, "salesman": 2, "date": "2025-10-26", "start_time": "15:30:00", "appointment_type": "in_person", "is_active": false, "is_booked": false, "created_at": "2025-10-26T19:17:03.877Z", "created_by": 2}}, {"model": "core.availabletimeslot", "pk": 1234, "fields": {"cycle": 1, "salesman": 2, "date": "2025-10-26", "start_time": "16:00:00", "appointment_type": "in_person", "is_active": false, "is_booked": false, "created_at": "2025-10-26T19:17:03.877Z", "created_by": 2}}, {"model": "core.availabletimeslot", "pk": 1235, "fields": {"cycle": 1, "salesman": 2, "date": "2025-10-26", "start_time": "16:30:00", "appointment_type": "in_person", "is_active": false, "is_booked": false, "created_at": "2025-10-26T19:17:03.877Z", "created_by": 2}}, {"model": "core.availabletimeslot", "pk": 1236, "fields": {"cycle": 1, "salesman": 2, "date": "2025-10-26", "start_time": "17:00:00", "appointment_type": "in_person", "is_active": false, "is_booked": false, "created_at": "2025-10-26T19:17:03.877Z", "created_by": 2}}, {"model": "core.availabletimeslot", "pk": 1237, "fields": {"cycle": 1, "salesman": 2, "date": "2025-10-26", "start_time": "17:30:00", "appointment_type": "in_person", "is_active": false, "is_booked": false, "created_at": "2025-10-26T19:17:03.877Z", "created_by": 2}}, {"model": "core.availabletimeslot", "pk": 1238, "fields": {"cycle": 1, "salesman": 2, "date": "2025-10-26", "start_time": "18:00:00", "appointment_type": "in_person", "is_active": false, "is_booked": false, "created_at": "2025-10-26T19:17:03.877Z", "created_by": 2}}, {"model": "core.availabletimeslot", "pk": 1239, "fields": {"cycle": 1, "salesman": 2, "date": "2025-10-26", "start_time": "18:30:00", "appointment_type": "in_person", "is_active": false, "is_booked": false, "created_at": "2025-10-26T19:17:03.877Z", "created_by": 2}}, {"model": "core.availabletimeslot", "pk": 1240, "fields": {"cycle": 1, "salesman": 2, "date": "2025-10-27", "start_time": "09:00:00", "appointment_type": "in_person", "is_active": false, "is_booked": false, "created_at": "2025-10-26T19:17:03.877Z", "created_by": 2}}, {"model": "core.availabletimeslot", "pk": 1241, "fields": {"cycle": 1, "salesman": 2, "date": "2025-10-27", "start_time": "09:30:00", "appointment_type": "in_person", "is_active": false, "is_booked": false, "created_at": "2025-10-26T19:17:03.877Z", "created_by": 2}}, {"model": "core.availabletimeslot", "pk": 1242, "fields": {"cycle": 1, "salesman": 2, "date": "2025-10-27", "start_time": "10:00:00", "appointment_type": "in_person", "is_active": false, "is_booked": false, "created_at": "2025-10-26T19:17:03.877Z", "created_by": 2}}, {"model": "core.availabletimeslot", "pk": 1243, "fields": {"cycle": 1, "salesman": 2, "date": "2025-10-27", "start_time": "10:30:00", "appointment_type": "in_person", "is_active": false, "is_booked": false, "created_at": "2025-10-26T19:17:03.877Z", "created_by": 2}}, {"model": "core.availabletimeslot", "pk": 1244, "fields": {"cycle": 1, "salesman": 2, "date": "2025-10-27", "start_time": "11:00:00", "appointment_type": "in_person", "is_active": false, "is_booked": false, "created_at": "2025-10-26T19:17:03.877Z", "created_by": 2}}, {"model": "core.availabletimeslot", "pk": 1245, "fields": {"cycle": 1, "salesman": 2, "date": "2025-10-27", "start_time": "11:30:00", "appointment_type": "in_person", "is_active": false, "is_booked": false, "created_at": "2025-10-26T19:17:03.877Z", "created_by": 2}}, {"model": "core.availabletimeslot", "pk": 1246, "fields": {"cycle": 1, "salesman": 2, "date": "2025-10-27", "start_time": "12:00:00", "appointment_type": "in_person", "is_active": false, "is_booked": false, "created_at": "2025-10-26T19:17:03.877Z", "created_by": 2}}, {"model": "core.availabletimeslot", "pk": 1247, "fields": {"cycle": 1, "salesman": 2, "date": "2025-10-27", "start_time": "12:30:00", "appointment_type": "in_person", "is_active": false, "is_booked": false, "created_at": "2025-10-26T19:17:03.877Z", "created_by": 2}}, {"model": "core.availabletimeslot", "pk": 1248, "fields": {"cycle": 1, "salesman": 2, "date": "2025-10-27", "start_time": "13:00:00", "appointment_type": "in_person", "is_active": false, "is_booked": false, "created_at": "2025-10-26T19:17:03.877Z", "created_by": 2}}, {"model": "core.availabletimeslot", "pk": 1249, "fields": {"cycle": 1, "salesman": 2, "date": "2025-10-27", "start_time": "13:30:00", "appointment_type": "in_person", "is_active": false, "is_booked": false, "created_at": "2025-10-26T19:17:03.877Z", "created_by": 2}}, {"model": "core.availabletimeslot", "pk": 1250, "fields": {"cycle": 1, "salesman": 2, "date": "2025-10-27", "start_time": "14:00:00", "appointment_type": "in_person", "is_active": false, "is_booked": false, "created_at": "2025-10-26T19:17:03.877Z", "created_by": 2}}, {"model": "core.availabletimeslot", "pk": 1251, "fields": {"cycle": 1, "salesman": 2, "date": "2025-10-27", "start_time": "14:30:00", "appointment_type": "in_person", "is_active": false, "is_booked": false, "created_at": "2025-10-26T19:17:03.877Z", "created_by": 2}}, {"model": "core.availabletimeslot", "pk": 1252, "fields": {"cycle": 1, "salesman": 2, "date": "2025-10-27", "start_time": "15:00:00", "appointment_type": "in_person", "is_active": false, "is_booked": false, "created_at": "2025-10-26T19:17:03.877Z", "created_by": 2}}, {"model": "core.availabletimeslot", "pk": 1253, "fields": {"cycle": 1, "salesman": 2, "date": "2025-10-27", "start_time": "15:30:00", "appointment_type": "in_person", "is_active": false, "is_booked": false, "created_at": "2025-10-26T19:17:03.877Z", "created_by": 2}}, {"model": "core.availabletimeslot", "pk": 1254, "fields": {"cycle": 1, "salesman": 2, "date": "2025-10-27", "start_time": "16:00:00", "appointment_type": "in_person", "is_active": false, "is_booked": false, "created_at": "2025-10-26T19:17:03.877Z", "created_by": 2}}, {"model": "core.availabletimeslot", "pk": 1255, "fields": {"cycle": 1, "salesman": 2, "date": "2025-10-27", "start_time": "16:30:00", "appointment_type": "in_person", "is_active": false, "is_booked": false, "created_at": "2025-10-26T19:17:03.877Z", "created_by": 2}}, {"model": "core.availabletimeslot", "pk": 1256, "fields": {"cycle": 1, "salesman": 2, "date": "2025-10-27", "start_time": "17:00:00", "appointment_type": "in_person", "is_active": false, "is_booked": false, "created_at": "2025-10-26T19:17:03.877Z", "created_by": 2}}, {"model": "core.availabletimeslot", "pk": 1257, "fields": {"cycle": 1, "salesman": 2, "date": "2025-10-27", "start_time": "17:30:00", "appointment_type": "in_person", "is_active": false, "is_booked": false, "created_at": "2025-10-26T19:17:03.877Z", "created_by": 2}}, {"model": "core.availabletimeslot", "pk": 1258, "fields": {"cycle": 1, "salesman": 2, "date": "2025-10-27", "start_time": "18:00:00", "appointment_type": "in_person", "is_active": false, "is_booked": false, "created_at": "2025-10-26T19:17:03.877Z", "created_by": 2}}, {"model": "core.availabletimeslot", "pk": 1259, "fields": {"cycle": 1, "salesman": 2, "date": "2025-10-27", "start_time": "18:30:00", "appointment_type": "in_person", "is_active": false, "is_booked": false, "created_at": "2025-10-26T19:17:03.877Z", "created_by": 2}}, {"model": "core.availabletimeslot", "pk": 1260, "fields": {"cycle": 1, "salesman": 2, "date": "2025-10-29", "start_time": "09:00:00", "appointment_type": "in_person", "is_active": false, "is_booked": false, "created_at": "2025-10-26T19:17:03.877Z", "created_by": 2}}, {"model": "core.availabletimeslot", "pk": 1261, "fields": {"cycle": 1, "salesman": 2, "date": "2025-10-29", "start_time": "09:30:00", "appointment_type": "in_person", "is_active": false, "is_booked": false, "created_at": "2025-10-26T19:17:03.877Z", "created_by": 2}}, {"model": "core.availabletimeslot", "pk": 1262, "fields": {"cycle": 1, "salesman": 2, "date": "2025-10-29", "start_time": "10:00:00", "appointment_type": "in_person", "is_active": false, "is_booked": false, "created_at": "2025-10-26T19:17:03.877Z", "created_by": 2}}, {"model": "core.availabletimeslot", "pk": 1263, "fields": {"cycle": 1, "salesman": 2, "date": "2025-10-29", "start_time": "10:30:00", "appointment_type": "in_person", "is_active": false, "is_booked": false, "created_at": "2025-10-26T19:17:03.877Z", "created_by": 2}}, {"model": "core.availabletimeslot", "pk": 1264, "fields": {"cycle": 1, "salesman": 2, "date": "2025-10-29", "start_time": "11:00:00", "appointment_type": "in_person", "is_active": false, "is_booked": false, "created_at": "2025-10-26T19:17:03.877Z", "created_by": 2}}, {"model": "core.availabletimeslot", "pk": 1265, "fields": {"cycle": 1, "salesman": 2, "date": "2025-10-29", "start_time": "11:30:00", "appointment_type": "in_person", "is_active": false, "is_booked": false, "created_at": "2025-10-26T19:17:03.877Z", "created_by": 2}}, {"model": "core.availabletimeslot", "pk": 1266, "fields": {"cycle": 1, "salesman": 2, "date": "2025-10-29", "start_time": "12:00:00", "appointment_type": "in_person", "is_active": false, "is_booked": false, "created_at": "2025-10-26T19:17:03.877Z", "created_by": 2}}, {"model": "core.availabletimeslot", "pk": 1267, "fields": {"cycle": 1, "salesman": 2, "date": "2025-10-29", "start_time": "12:30:00", "appointment_type": "in_person", "is_active": false, "is_booked": false, "created_at": "2025-10-26T19:17:03.877Z", "created_by": 2}}, {"model": "core.availabletimeslot", "pk": 1268, "fields": {"cycle": 1, "salesman": 2, "date": "2025-10-29", "start_time": "13:00:00", "appointment_type": "in_person", "is_active": false, "is_booked": false, "created_at": "2025-10-26T19:17:03.877Z", "created_by": 2}}, {"model": "core.availabletimeslot", "pk": 1269, "fields": {"cycle": 1, "salesman": 2, "date": "2025-10-29", "start_time": "13:30:00", "appointment_type": "in_person", "is_active": false, "is_booked": false, "created_at": "2025-10-26T19:17:03.877Z", "created_by": 2}}, {"model": "core.availabletimeslot", "pk": 1270, "fields": {"cycle": 1, "salesman": 2, "date": "2025-10-29", "start_time": "14:00:00", "appointment_type": "in_person", "is_active": false, "is_booked": false, "created_at": "2025-10-26T19:17:03.877Z", "created_by": 2}}, {"model": "core.availabletimeslot", "pk": 1271, "fields": {"cycle": 1, "salesman": 2, "date": "2025-10-29", "start_time": "14:30:00", "appointment_type": "in_person", "is_active": false, "is_booked": false, "created_at": "2025-10-26T19:17:03.877Z", "created_by": 2}}, {"model": "core.availabletimeslot", "pk": 1272, "fields": {"cycle": 1, "salesman": 2, "date": "2025-10-29", "start_time": "15:00:00", "appointment_type": "in_person", "is_active": false, "is_booked": false, "created_at": "2025-10-26T19:17:03.877Z", "created_by": 2}}, {"model": "core.availabletimeslot", "pk": 1273, "fields": {"cycle": 1, "salesman": 2, "date": "2025-10-29", "start_time": "15:30:00", "appointment_type": "in_person", "is_active": false, "is_booked": false, "created_at": "2025-10-26T19:17:03.877Z", "created_by": 2}}, {"model": "core.availabletimeslot", "pk": 1274, "fields": {"cycle": 1, "salesman": 2, "date": "2025-10-29", "start_time": "16:00:00", "appointment_type": "in_person", "is_active": false, "is_booked": false, "created_at": "2025-10-26T19:17:03.877Z", "created_by": 2}}, {"model": "core.availabletimeslot", "pk": 1275, "fields": {"cycle": 1, "salesman": 2, "date": "2025-10-29", "start_time": "16:30:00", "appointment_type": "in_person", "is_active": false, "is_booked": false, "created_at": "2025-10-26T19:17:03.878Z", "created_by": 2}}, {"model": "core.availabletimeslot", "pk": 1276, "fields": {"cycle": 1, "salesman": 2, "date": "2025-10-29", "start_time": "17:00:00", "appointment_type": "in_person", "is_active": false, "is_booked": false, "created_at": "2025-10-26T19:17:03.878Z", "created_by": 2}}, {"model": "core.availabletimeslot", "pk": 1277, "fields": {"cycle": 1, "salesman": 2, "date": "2025-10-29", "start_time": "17:30:00", "appointment_type": "in_person", "is_active": false, "is_booked": false, "created_at": "2025-10-26T19:17:03.878Z", "created_by": 2}}, {"model": "core.availabletimeslot", "pk": 1278, "fields": {"cycle": 1, "salesman": 2, "date": "2025-10-29", "start_time": "18:00:00", "appointment_type": "in_person", "is_active": false, "is_booked": false, "created_at": "2025-10-26T19:17:03.878Z", "created_by": 2}}, {"model": "core.availabletimeslot", "pk": 1279, "fields": {"cycle": 1, "salesman": 2, "date": "2025-10-29", "start_time": "18:30:00", "appointment_type": "in_person", "is_active": false, "is_booked": false, "created_at": "2025-10-26T19:17:03.878Z", "created_by": 2}}, {"model": "core.availabletimeslot", "pk": 1280, "fields": {"cycle": 1, "salesman": 2, "date": "2025-10-30", "start_time": "09:00:00", "appointment_type": "in_person", "is_active": false, "is_booked": false, "created_at": "2025-10-26T19:17:03.878Z", "created_by": 2}}, {"model": "core.availabletimeslot", "pk": 1281, "fields": {"cycle": 1, "salesman": 2, "date": "2025-10-30", "start_time": "09:30:00", "appointment_type": "in_person", "is_active": false, "is_booked": false, "created_at": "2025-10-26T19:17:03.878Z", "created_by": 2}}, {"model": "core.availabletimeslot", "pk": 1282, "fields": {"cycle": 1, "salesman": 2, "date": "2025-10-30", "start_time": "10:00:00", "appointment_type": "in_person", "is_active": false, "is_booked": false, "created_at": "2025-10-26T19:17:03.878Z", "created_by": 2}}, {"model": "core.availabletimeslot", "pk": 1283, "fields": {"cycle": 1, "salesman": 2, "date": "2025-10-30", "start_time": "10:30:00", "appointment_type": "in_person", "is_active": false, "is_booked": false, "created_at": "2025-10-26T19:17:03.878Z", "created_by": 2}}, {"model": "core.availabletimeslot", "pk": 1284, "fields": {"cycle": 1, "salesman": 2, "date": "2025-10-30", "start_time": "11:00:00", "appointment_type": "in_person", "is_active": false, "is_booked": false, "created_at": "2025-10-26T19:17:03.878Z", "created_by": 2}}, {"model": "core.availabletimeslot", "pk": 1285, "fields": {"cycle": 1, "salesman": 2, "date": "2025-10-30", "start_time": "11:30:00", "appointment_type": "in_person", "is_active": false, "is_booked": false, "created_at": "2025-10-26T19:17:03.878Z", "created_by": 2}}, {"model": "core.availabletimeslot", "pk": 1286, "fields": {"cycle": 1, "salesman": 2, "date": "2025-10-30", "start_time": "12:00:00", "appointment_type": "in_person", "is_active": false, "is_booked": false, "created_at": "2025-10-26T19:17:03.878Z", "created_by": 2}}, {"model": "core.availabletimeslot", "pk": 1287, "fields": {"cycle": 1, "salesman": 2, "date": "2025-10-30", "start_time": "12:30:00", "appointment_type": "in_person", "is_active": false, "is_booked": false, "created_at": "2025-10-26T19:17:03.878Z", "created_by": 2}}, {"model": "core.availabletimeslot", "pk": 1288, "fields": {"cycle": 1, "salesman": 2, "date": "2025-10-30", "start_time": "13:00:00", "appointment_type": "in_person", "is_active": false, "is_booked": false, "created_at": "2025-10-26T19:17:03.878Z", "created_by": 2}}, {"model": "core.availabletimeslot", "pk": 1289, "fields": {"cycle": 1, "salesman": 2, "date": "2025-10-30", "start_time": "13:30:00", "appointment_type": "in_person", "is_active": false, "is_booked": false, "created_at": "2025-10-26T19:17:03.878Z", "created_by": 2}}, {"model": "core.availabletimeslot", "pk": 1290, "fields": {"cycle": 1, "salesman": 2, "date": "2025-10-30", "start_time": "14:00:00", "appointment_type": "in_person", "is_active": false, "is_booked": false, "created_at": "2025-10-26T19:17:03.878Z", "created_by": 2}}, {"model": "core.availabletimeslot", "pk": 1291, "fields": {"cycle": 1, "salesman": 2, "date": "2025-10-30", "start_time": "14:30:00", "appointment_type": "in_person", "is_active": false, "is_booked": false, "created_at": "2025-10-26T19:17:03.878Z", "created_by": 2}}, {"model": "core.availabletimeslot", "pk": 1292, "fields": {"cycle": 1, "salesman": 2, "date": "2025-10-30", "start_time": "15:00:00", "appointment_type": "in_person", "is_active": false, "is_booked": false, "created_at": "2025-10-26T19:17:03.878Z", "created_by": 2}}, {"model": "core.availabletimeslot", "pk": 1293, "fields": {"cycle": 1, "salesman": 2, "date": "2025-10-30", "start_time": "15:30:00", "appointment_type": "in_person", "is_active": false, "is_booked": false, "created_at": "2025-10-26T19:17:03.878Z", "created_by": 2}}, {"model": "core.availabletimeslot", "pk": 1294, "fields": {"cycle": 1, "salesman": 2, "date": "2025-10-30", "start_time": "16:00:00", "appointment_type": "in_person", "is_active": false, "is_booked": false, "created_at": "2025-10-26T19:17:03.878Z", "created_by": 2}}, {"model": "core.availabletimeslot", "pk": 1295, "fields": {"cycle": 1, "salesman": 2, "date": "2025-10-30", "start_time": "16:30:00", "appointment_type": "in_person", "is_active": false, "is_booked": false, "created_at": "2025-10-26T19:17:03.878Z", "created_by": 2}}, {"model": "core.availabletimeslot", "pk": 1296, "fields": {"cycle": 1, "salesman": 2, "date": "2025-10-30", "start_time": "17:00:00", "appointment_type": "in_person", "is_active": false, "is_booked": false, "created_at": "2025-10-26T19:17:03.878Z", "created_by": 2}}, {"model": "core.availabletimeslot", "pk": 1297, "fields": {"cycle": 1, "salesman": 2, "date": "2025-10-30", "start_time": "17:30:00", "appointment_type": "in_person", "is_active": false, "is_booked": false, "created_at": "2025-10-26T19:17:03.878Z", "created_by": 2}}, {"model": "core.availabletimeslot", "pk": 1298, "fields": {"cycle": 1, "salesman": 2, "date": "2025-10-30", "start_time": "18:00:00", "appointment_type": "in_person", "is_active": true, "is_booked": false, "created_at": "2025-10-26T19:17:03.878Z", "created_by": 2}}, {"model": "core.availabletimeslot", "pk": 1299, "fields": {"cycle": 1, "salesman": 2, "date": "2025-10-30", "start_time": "18:30:00", "appointment_type": "in_person", "is_active": true, "is_booked": false, "created_at": "2025-10-26T19:17:03.878Z", "created_by": 2}}, {"model": "core.availabletimeslot", "pk": 1300, "fields": {"cycle": 1, "salesman": 2, "date": "2025-10-31", "start_time": "09:00:00", "appointment_type": "in_person", "is_active": true, "is_booked": false, "created_at": "2025-10-26T19:17:03.878Z", "created_by": 2}}, {"model": "core.availabletimeslot", "pk": 1301, "fields": {"cycle": 1, "salesman": 2, "date": "2025-10-31", "start_time": "09:30:00", "appointment_type": "in_person", "is_active": true, "is_booked": false, "created_at": "2025-10-26T19:17:03.878Z", "created_by": 2}}, {"model": "core.availabletimeslot", "pk": 1302, "fields": {"cycle": 1, "salesman": 2, "date": "2025-10-31", "start_time": "10:00:00", "appointment_type": "in_person", "is_active": true, "is_booked": false, "created_at": "2025-10-26T19:17:03.878Z", "created_by": 2}}, {"model": "core.availabletimeslot", "pk": 1303, "fields": {"cycle": 1, "salesman": 2, "date": "2025-10-31", "start_time": "10:30:00", "appointment_type": "in_person", "is_active": true, "is_booked": false, "created_at": "2025-10-26T19:17:03.878Z", "created_by": 2}}, {"model": "core.availabletimeslot", "pk": 1304, "fields": {"cycle": 1, "salesman": 2, "date": "2025-10-31", "start_time": "11:00:00", "appointment_type": "in_person", "is_active": true, "is_booked": false, "created_at": "2025-10-26T19:17:03.878Z", "created_by": 2}}, {"model": "core.availabletimeslot", "pk": 1305, "fields": {"cycle": 1, "salesman": 2, "date": "2025-10-31", "start_time": "11:30:00", "appointment_type": "in_person", "is_active": true, "is_booked": false, "created_at": "2025-10-26T19:17:03.878Z", "created_by": 2}}, {"model": "core.availabletimeslot", "pk": 1306, "fields": {"cycle": 1, "salesman": 2, "date": "2025-10-31", "start_time": "12:00:00", "appointment_type": "in_person", "is_active": true, "is_booked": false, "created_at": "2025-10-26T19:17:03.878Z", "created_by": 2}}, {"model": "core.availabletimeslot", "pk": 1307, "fields": {"cycle": 1, "salesman": 2, "date": "2025-10-31", "start_time": "12:30:00", "appointment_type": "in_person", "is_active": true, "is_booked": false, "created_at": "2025-10-26T19:17:03.878Z", "created_by": 2}}, {"model": "core.availabletimeslot", "pk": 1308, "fields": {"cycle": 1, "salesman": 2, "date": "2025-10-31", "start_time": "13:00:00", "appointment_type": "in_person", "is_active": true, "is_booked": false, "created_at": "2025-10-26T19:17:03.878Z", "created_by": 2}}, {"model": "core.availabletimeslot", "pk": 1309, "fields": {"cycle": 1, "salesman": 2, "date": "2025-10-31", "start_time": "13:30:00", "appointment_type": "in_person", "is_active": true, "is_booked": false, "created_at": "2025-10-26T19:17:03.878Z", "created_by": 2}}, {"model": "core.availabletimeslot", "pk": 1310, "fields": {"cycle": 1, "salesman": 2, "date": "2025-10-31", "start_time": "14:00:00", "appointment_type": "in_person", "is_active": true, "is_booked": false, "created_at": "2025-10-26T19:17:03.878Z", "created_by": 2}}, {"model": "core.availabletimeslot", "pk": 1311, "fields": {"cycle": 1, "salesman": 2, "date": "2025-10-31", "start_time": "14:30:00", "appointment_type": "in_person", "is_active": true, "is_booked": false, "created_at": "2025-10-26T19:17:03.878Z", "created_by": 2}}, {"model": "core.availabletimeslot", "pk": 1312, "fields": {"cycle": 1, "salesman": 2, "date": "2025-10-31", "start_time": "15:00:00", "appointment_type": "in_person", "is_active": true, "is_booked": false, "created_at": "2025-10-26T19:17:03.878Z", "created_by": 2}}, {"model": "core.availabletimeslot", "pk": 1313, "fields": {"cycle": 1, "salesman": 2, "date": "2025-10-31", "start_time": "15:30:00", "appointment_type": "in_person", "is_active": true, "is_booked": false, "created_at": "2025-10-26T19:17:03.878Z", "created_by": 2}}, {"model": "core.availabletimeslot", "pk": 1314, "fields": {"cycle": 1, "salesman": 2, "date": "2025-10-31", "start_time": "16:00:00", "appointment_type": "in_person", "is_active": true, "is_booked": false, "created_at": "2025-10-26T19:17:03.878Z", "created_by": 2}}, {"model": "core.availabletimeslot", "pk": 1315, "fields": {"cycle": 1, "salesman": 2, "date": "2025-10-31", "start_time": "16:30:00", "appointment_type": "in_person", "is_active": true, "is_booked": false, "created_at": "2025-10-26T19:17:03.878Z", "created_by": 2}}, {"model": "core.availabletimeslot", "pk": 1316, "fields": {"cycle": 1, "salesman": 2, "date": "2025-10-31", "start_time": "17:00:00", "appointment_type": "in_person", "is_active": true, "is_booked": false, "created_at": "2025-10-26T19:17:03.878Z", "created_by": 2}}, {"model": "core.availabletimeslot", "pk": 1317, "fields": {"cycle": 1, "salesman": 2, "date": "2025-10-31", "start_time": "17:30:00", "appointment_type": "in_person", "is_active": true, "is_booked": false, "created_at": "2025-10-26T19:17:03.878Z", "created_by": 2}}, {"model": "core.availabletimeslot", "pk": 1318, "fields": {"cycle": 1, "salesman": 2, "date": "2025-10-31", "start_time": "18:00:00", "appointment_type": "in_person", "is_active": true, "is_booked": false, "created_at": "2025-10-26T19:17:03.878Z", "created_by": 2}}, {"model": "core.availabletimeslot", "pk": 1319, "fields": {"cycle": 1, "salesman": 2, "date": "2025-10-31", "start_time": "18:30:00", "appointment_type": "in_person", "is_active": true, "is_booked": false, "created_at": "2025-10-26T19:17:03.878Z", "created_by": 2}}, {"model": "core.availabletimeslot", "pk": 1320, "fields": {"cycle": 1, "salesman": 2, "date": "2025-11-01", "start_time": "09:00:00", "appointment_type": "in_person", "is_active": true, "is_booked": false, "created_at": "2025-10-26T19:17:03.878Z", "created_by": 2}}, {"model": "core.availabletimeslot", "pk": 1321, "fields": {"cycle": 1, "salesman": 2, "date": "2025-11-01", "start_time": "09:30:00", "appointment_type": "in_person", "is_active": true, "is_booked": false, "created_at": "2025-10-26T19:17:03.878Z", "created_by": 2}}, {"model": "core.availabletimeslot", "pk": 1322, "fields": {"cycle": 1, "salesman": 2, "date": "2025-11-01", "start_time": "10:00:00", "appointment_type": "in_person", "is_active": true, "is_booked": false, "created_at": "2025-10-26T19:17:03.878Z", "created_by": 2}}, {"model": "core.availabletimeslot", "pk": 1323, "fields": {"cycle": 1, "salesman": 2, "date": "2025-11-01", "start_time": "10:30:00", "appointment_type": "in_person", "is_active": true, "is_booked": false, "created_at": "2025-10-26T19:17:03.878Z", "created_by": 2}}, {"model": "core.availabletimeslot", "pk": 1324, "fields": {"cycle": 1, "salesman": 2, "date": "2025-11-01", "start_time": "11:00:00", "appointment_type": "in_person", "is_active": true, "is_booked": false, "created_at": "2025-10-26T19:17:03.878Z", "created_by": 2}}, {"model": "core.availabletimeslot", "pk": 1325, "fields": {"cycle": 1, "salesman": 2, "date": "2025-11-01", "start_time": "11:30:00", "appointment_type": "in_person", "is_active": true, "is_booked": false, "created_at": "2025-10-26T19:17:03.878Z", "created_by": 2}}, {"model": "core.availabletimeslot", "pk": 1326, "fields": {"cycle": 1, "salesman": 2, "date": "2025-11-01", "start_time": "12:00:00", "appointment_type": "in_person", "is_active": true, "is_booked": false, "created_at": "2025-10-26T19:17:03.878Z", "created_by": 2}}, {"model": "core.availabletimeslot", "pk": 1327, "fields": {"cycle": 1, "salesman": 2, "date": "2025-11-01", "start_time": "12:30:00", "appointment_type": "in_person", "is_active": true, "is_booked": false, "created_at": "2025-10-26T19:17:03.878Z", "created_by": 2}}, {"model": "core.availabletimeslot", "pk": 1328, "fields": {"cycle": 1, "salesman": 2, "date": "2025-11-01", "start_time": "13:00:00", "appointment_type": "in_person", "is_active": true, "is_booked": false, "created_at": "2025-10-26T19:17:03.878Z", "created_by": 2}}, {"model": "core.availabletimeslot", "pk": 1329, "fields": {"cycle": 1, "salesman": 2, "date": "2025-11-01", "start_time": "13:30:00", "appointment_type": "in_person", "is_active": true, "is_booked": false, "created_at": "2025-10-26T19:17:03.878Z", "created_by": 2}}, {"model": "core.availabletimeslot", "pk": 1330, "fields": {"cycle": 1, "salesman": 2, "date": "2025-11-01", "start_time": "14:00:00", "appointment_type": "in_person", "is_active": true, "is_booked": false, "created_at": "2025-10-26T19:17:03.878Z", "created_by": 2}}, {"model": "core.availabletimeslot", "pk": 1331, "fields": {"cycle": 1, "salesman": 2, "date": "2025-11-01", "start_time": "14:30:00", "appointment_type": "in_person", "is_active": true, "is_booked": false, "created_at": "2025-10-26T19:17:03.878Z", "created_by": 2}}, {"model": "core.availabletimeslot", "pk": 1332, "fields": {"cycle": 1, "salesman": 2, "date": "2025-11-01", "start_time": "15:00:00", "appointment_type": "in_person", "is_active": true, "is_booked": false, "created_at": "2025-10-26T19:17:03.878Z", "created_by": 2}}, {"model": "core.availabletimeslot", "pk": 1333, "fields": {"cycle": 1, "salesman": 2, "date": "2025-11-01", "start_time": "15:30:00", "appointment_type": "in_person", "is_active": true, "is_booked": false, "created_at": "2025-10-26T19:17:03.878Z", "created_by": 2}}, {"model": "core.availabletimeslot", "pk": 1334, "fields": {"cycle": 1, "salesman": 2, "date": "2025-11-01", "start_time": "16:00:00", "appointment_type": "in_person", "is_active": true, "is_booked": false, "created_at": "2025-10-26T19:17:03.878Z", "created_by": 2}}, {"model": "core.availabletimeslot", "pk": 1335, "fields": {"cycle": 1, "salesman": 2, "date": "2025-11-01", "start_time": "16:30:00", "appointment_type": "in_person", "is_active": true, "is_booked": false, "created_at": "2025-10-26T19:17:03.878Z", "created_by": 2}}, {"model": "core.availabletimeslot", "pk": 1336, "fields": {"cycle": 1, "salesman": 2, "date": "2025-11-01", "start_time": "17:00:00", "appointment_type": "in_person", "is_active": true, "is_booked": false, "created_at": "2025-10-26T19:17:03.878Z", "created_by": 2}}, {"model": "core.availabletimeslot", "pk": 1337, "fields": {"cycle": 1, "salesman": 2, "date": "2025-11-01", "start_time": "17:30:00", "appointment_type": "in_person", "is_active": true, "is_booked": false, "created_at": "2025-10-26T19:17:03.878Z", "created_by": 2}}, {"model": "core.availabletimeslot", "pk": 1338, "fields": {"cycle": 1, "salesman": 2, "date": "2025-11-01", "start_time": "18:00:00", "appointment_type": "in_person", "is_active": true, "is_booked": false, "created_at": "2025-10-26T19:17:03.878Z", "created_by": 2}}, {"model": "core.availabletimeslot", "pk": 1339, "fields": {"cycle": 1, "salesman": 2, "date": "2025-11-01", "start_time": "18:30:00", "appointment_type": "in_person", "is_active": true, "is_booked": false, "created_at": "2025-10-26T19:17:03.878Z", "created_by": 2}}, {"model": "core.availabletimeslot", "pk": 1340, "fields": {"cycle": 1, "salesman": 2, "date": "2025-11-02", "start_time": "09:00:00", "appointment_type": "in_person", "is_active": true, "is_booked": false, "created_at": "2025-10-27T04:00:01.969Z", "created_by": 2}}, {"model": "core.availabletimeslot", "pk": 1341, "fields": {"cycle": 1, "salesman": 2, "date": "2025-11-02", "start_time": "09:30:00", "appointment_type": "in_person", "is_active": true, "is_booked": false, "created_at": "2025-10-27T04:00:01.969Z", "created_by": 2}}, {"model": "core.availabletimeslot", "pk": 1342, "fields": {"cycle": 1, "salesman": 2, "date": "2025-11-02", "start_time": "10:00:00", "appointment_type": "in_person", "is_active": true, "is_booked": false, "created_at": "2025-10-27T04:00:01.969Z", "created_by": 2}}, {"model": "core.availabletimeslot", "pk": 1343, "fields": {"cycle": 1, "salesman": 2, "date": "2025-11-02", "start_time": "10:30:00", "appointment_type": "in_person", "is_active": true, "is_booked": false, "created_at": "2025-10-27T04:00:01.969Z", "created_by": 2}}, {"model": "core.availabletimeslot", "pk": 1344, "fields": {"cycle": 1, "salesman": 2, "date": "2025-11-02", "start_time": "11:00:00", "appointment_type": "in_person", "is_active": true, "is_booked": false, "created_at": "2025-10-27T04:00:01.969Z", "created_by": 2}}, {"model": "core.availabletimeslot", "pk": 1345, "fields": {"cycle": 1, "salesman": 2, "date": "2025-11-02", "start_time": "11:30:00", "appointment_type": "in_person", "is_active": true, "is_booked": false, "created_at": "2025-10-27T04:00:01.969Z", "created_by": 2}}, {"model": "core.availabletimeslot", "pk": 1346, "fields": {"cycle": 1, "salesman": 2, "date": "2025-11-02", "start_time": "12:00:00", "appointment_type": "in_person", "is_active": true, "is_booked": false, "created_at": "2025-10-27T04:00:01.969Z", "created_by": 2}}, {"model": "core.availabletimeslot", "pk": 1347, "fields": {"cycle": 1, "salesman": 2, "date": "2025-11-02", "start_time": "12:30:00", "appointment_type": "in_person", "is_active": true, "is_booked": false, "created_at": "2025-10-27T04:00:01.969Z", "created_by": 2}}, {"model": "core.availabletimeslot", "pk": 1348, "fields": {"cycle": 1, "salesman": 2, "date": "2025-11-02", "start_time": "13:00:00", "appointment_type": "in_person", "is_active": true, "is_booked": false, "created_at": "2025-10-27T04:00:01.969Z", "created_by": 2}}, {"model": "core.availabletimeslot", "pk": 1349, "fields": {"cycle": 1, "salesman": 2, "date": "2025-11-02", "start_time": "13:30:00", "appointment_type": "in_person", "is_active": true, "is_booked": false, "created_at": "2025-10-27T04:00:01.969Z", "created_by": 2}}, {"model": "core.availabletimeslot", "pk": 1350, "fields": {"cycle": 1, "salesman": 2, "date": "2025-11-02", "start_time": "14:00:00", "appointment_type": "in_person", "is_active": true, "is_booked": false, "created_at": "2025-10-27T04:00:01.969Z", "created_by": 2}}, {"model": "core.availabletimeslot", "pk": 1351, "fields": {"cycle": 1, "salesman": 2, "date": "2025-11-02", "start_time": "14:30:00", "appointment_type": "in_person", "is_active": true, "is_booked": false, "created_at": "2025-10-27T04:00:01.969Z", "created_by": 2}}, {"model": "core.availabletimeslot", "pk": 1352, "fields": {"cycle": 1, "salesman": 2, "date": "2025-11-02", "start_time": "15:00:00", "appointment_type": "in_person", "is_active": true, "is_booked": false, "created_at": "2025-10-27T04:00:01.969Z", "created_by": 2}}, {"model": "core.availabletimeslot", "pk": 1353, "fields": {"cycle": 1, "salesman": 2, "date": "2025-11-02", "start_time": "15:30:00", "appointment_type": "in_person", "is_active": true, "is_booked": false, "created_at": "2025-10-27T04:00:01.969Z", "created_by": 2}}, {"model": "core.availabletimeslot", "pk": 1354, "fields": {"cycle": 1, "salesman": 2, "date": "2025-11-02", "start_time": "16:00:00", "appointment_type": "in_person", "is_active": true, "is_booked": false, "created_at": "2025-10-27T04:00:01.969Z", "created_by": 2}}, {"model": "core.availabletimeslot", "pk": 1355, "fields": {"cycle": 1, "salesman": 2, "date": "2025-11-02", "start_time": "16:30:00", "appointment_type": "in_person", "is_active": true, "is_booked": false, "created_at": "2025-10-27T04:00:01.969Z", "created_by": 2}}, {"model": "core.availabletimeslot", "pk": 1356, "fields": {"cycle": 1, "salesman": 2, "date": "2025-11-02", "start_time": "17:00:00", "appointment_type": "in_person", "is_active": true, "is_booked": false, "created_at": "2025-10-27T04:00:01.969Z", "created_by": 2}}, {"model": "core.availabletimeslot", "pk": 1357, "fields": {"cycle": 1, "salesman": 2, "date": "2025-11-02", "start_time": "17:30:00", "appointment_type": "in_person", "is_active": true, "is_booked": false, "created_at": "2025-10-27T04:00:01.969Z", "created_by": 2}}, {"model": "core.availabletimeslot", "pk": 1358, "fields": {"cycle": 1, "salesman": 2, "date": "2025-11-02", "start_time": "18:00:00", "appointment_type": "in_person", "is_active": true, "is_booked": false, "created_at": "2025-10-27T04:00:01.969Z", "created_by": 2}}, {"model": "core.availabletimeslot", "pk": 1359, "fields": {"cycle": 1, "salesman": 2, "date": "2025-11-02", "start_time": "18:30:00", "appointment_type": "in_person", "is_active": true, "is_booked": false, "created_at": "2025-10-27T04:00:01.969Z", "created_by": 2}}, {"model": "core.availabletimeslot", "pk": 1360, "fields": {"cycle": 1, "salesman": 12, "date": "2025-10-30", "start_time": "09:00:00", "appointment_type": "in_person", "is_active": false, "is_booked": false, "created_at": "2025-10-27T04:00:02.231Z", "created_by": 12}}, {"model": "core.availabletimeslot", "pk": 1361, "fields": {"cycle": 1, "salesman": 12, "date": "2025-10-30", "start_time": "09:30:00", "appointment_type": "in_person", "is_active": false, "is_booked": false, "created_at": "2025-10-27T04:00:02.232Z", "created_by": 12}}, {"model": "core.availabletimeslot", "pk": 1362, "fields": {"cycle": 1, "salesman": 12, "date": "2025-10-30", "start_time": "10:00:00", "appointment_type": "in_person", "is_active": false, "is_booked": false, "created_at": "2025-10-27T04:00:02.232Z", "created_by": 12}}, {"model": "core.availabletimeslot", "pk": 1363, "fields": {"cycle": 1, "salesman": 12, "date": "2025-10-30", "start_time": "10:30:00", "appointment_type": "in_person", "is_active": false, "is_booked": false, "created_at": "2025-10-27T04:00:02.232Z", "created_by": 12}}, {"model": "core.availabletimeslot", "pk": 1364, "fields": {"cycle": 1, "salesman": 12, "date": "2025-10-30", "start_time": "11:00:00", "appointment_type": "in_person", "is_active": false, "is_booked": false, "created_at": "2025-10-27T04:00:02.232Z", "created_by": 12}}, {"model": "core.availabletimeslot", "pk": 1365, "fields": {"cycle": 1, "salesman": 12, "date": "2025-10-30", "start_time": "11:30:00", "appointment_type": "in_person", "is_active": false, "is_booked": false, "created_at": "2025-10-27T04:00:02.232Z", "created_by": 12}}, {"model": "core.availabletimeslot", "pk": 1366, "fields": {"cycle": 1, "salesman": 12, "date": "2025-10-30", "start_time": "12:00:00", "appointment_type": "in_person", "is_active": false, "is_booked": false, "created_at": "2025-10-27T04:00:02.232Z", "created_by": 12}}, {"model": "core.availabletimeslot", "pk": 1367, "fields": {"cycle": 1, "salesman": 12, "date": "2025-10-30", "start_time": "12:30:00", "appointment_type": "in_person", "is_active": false, "is_booked": false, "created_at": "2025-10-27T04:00:02.232Z", "created_by": 12}}, {"model": "core.availabletimeslot", "pk": 1368, "fields": {"cycle": 1, "salesman": 12, "date": "2025-10-30", "start_time": "13:00:00", "appointment_type": "in_person", "is_active": false, "is_booked": false, "created_at": "2025-10-27T04:00:02.232Z", "created_by": 12}}, {"model": "core.availabletimeslot", "pk": 1369, "fields": {"cycle": 1, "salesman": 12, "date": "2025-10-30", "start_time": "13:30:00", "appointment_type": "in_person", "is_active": false, "is_booked": false, "created_at": "2025-10-27T04:00:02.232Z", "created_by": 12}}, {"model": "core.availabletimeslot", "pk": 1370, "fields": {"cycle": 1, "salesman": 12, "date": "2025-10-30", "start_time": "14:00:00", "appointment_type": "in_person", "is_active": false, "is_booked": false, "created_at": "2025-10-27T04:00:02.232Z", "created_by": 12}}, {"model": "core.availabletimeslot", "pk": 1371, "fields": {"cycle": 1, "salesman": 12, "date": "2025-10-30", "start_time": "14:30:00", "appointment_type": "in_person", "is_active": false, "is_booked": false, "created_at": "2025-10-27T04:00:02.232Z", "created_by": 12}}, {"model": "core.availabletimeslot", "pk": 1372, "fields": {"cycle": 1, "salesman": 12, "date": "2025-10-30", "start_time": "15:00:00", "appointment_type": "in_person", "is_active": false, "is_booked": false, "created_at": "2025-10-27T04:00:02.232Z", "created_by": 12}}, {"model": "core.availabletimeslot", "pk": 1373, "fields": {"cycle": 1, "salesman": 12, "date": "2025-10-30", "start_time": "15:30:00", "appointment_type": "in_person", "is_active": false, "is_booked": false, "created_at": "2025-10-27T04:00:02.232Z", "created_by": 12}}, {"model": "core.availabletimeslot", "pk": 1374, "fields": {"cycle": 1, "salesman": 12, "date": "2025-10-30", "start_time": "16:00:00", "appointment_type": "in_person", "is_active": false, "is_booked": false, "created_at": "2025-10-27T04:00:02.232Z", "created_by": 12}}, {"model": "core.availabletimeslot", "pk": 1375, "fields": {"cycle": 1, "salesman": 12, "date": "2025-10-30", "start_time": "16:30:00", "appointment_type": "in_person", "is_active": false, "is_booked": false, "created_at": "2025-10-27T04:00:02.232Z", "created_by": 12}}, {"model": "core.availabletimeslot", "pk": 1376, "fields": {"cycle": 1, "salesman": 12, "date": "2025-10-30", "start_time": "17:00:00", "appointment_type": "in_person", "is_active": false, "is_booked": false, "created_at": "2025-10-27T04:00:02.232Z", "created_by": 12}}, {"model": "core.availabletimeslot", "pk": 1377, "fields": {"cycle": 1, "salesman": 12, "date": "2025-10-30", "start_time": "17:30:00", "appointment_type": "in_person", "is_active": false, "is_booked": false, "created_at": "2025-10-27T04:00:02.232Z", "created_by": 12}}, {"model": "core.availabletimeslot", "pk": 1378, "fields": {"cycle": 1, "salesman": 12, "date": "2025-10-30", "start_time": "18:00:00", "appointment_type": "in_person", "is_active": true, "is_booked": false, "created_at": "2025-10-27T04:00:02.232Z", "created_by": 12}}, {"model": "core.availabletimeslot", "pk": 1379, "fields": {"cycle": 1, "salesman": 12, "date": "2025-10-30", "start_time": "18:30:00", "appointment_type": "in_person", "is_active": true, "is_booked": false, "created_at": "2025-10-27T04:00:02.232Z", "created_by": 12}}, {"model": "core.availabletimeslot", "pk": 1380, "fields": {"cycle": 1, "salesman": 12, "date": "2025-10-31", "start_time": "09:00:00", "appointment_type": "in_person", "is_active": true, "is_booked": false, "created_at": "2025-10-28T04:00:01.378Z", "created_by": 12}}, {"model": "core.availabletimeslot", "pk": 1381, "fields": {"cycle": 1, "salesman": 12, "date": "2025-10-31", "start_time": "09:30:00", "appointment_type": "in_person", "is_active": true, "is_booked": false, "created_at": "2025-10-28T04:00:01.378Z", "created_by": 12}}, {"model": "core.availabletimeslot", "pk": 1382, "fields": {"cycle": 1, "salesman": 12, "date": "2025-10-31", "start_time": "10:00:00", "appointment_type": "in_person", "is_active": true, "is_booked": false, "created_at": "2025-10-28T04:00:01.378Z", "created_by": 12}}, {"model": "core.availabletimeslot", "pk": 1383, "fields": {"cycle": 1, "salesman": 12, "date": "2025-10-31", "start_time": "10:30:00", "appointment_type": "in_person", "is_active": true, "is_booked": false, "created_at": "2025-10-28T04:00:01.378Z", "created_by": 12}}, {"model": "core.availabletimeslot", "pk": 1384, "fields": {"cycle": 1, "salesman": 12, "date": "2025-10-31", "start_time": "11:00:00", "appointment_type": "in_person", "is_active": true, "is_booked": false, "created_at": "2025-10-28T04:00:01.378Z", "created_by": 12}}, {"model": "core.availabletimeslot", "pk": 1385, "fields": {"cycle": 1, "salesman": 12, "date": "2025-10-31", "start_time": "11:30:00", "appointment_type": "in_person", "is_active": true, "is_booked": false, "created_at": "2025-10-28T04:00:01.378Z", "created_by": 12}}, {"model": "core.availabletimeslot", "pk": 1386, "fields": {"cycle": 1, "salesman": 12, "date": "2025-10-31", "start_time": "12:00:00", "appointment_type": "in_person", "is_active": true, "is_booked": false, "created_at": "2025-10-28T04:00:01.378Z", "created_by": 12}}, {"model": "core.availabletimeslot", "pk": 1387, "fields": {"cycle": 1, "salesman": 12, "date": "2025-10-31", "start_time": "12:30:00", "appointment_type": "in_person", "is_active": true, "is_booked": false, "created_at": "2025-10-28T04:00:01.378Z", "created_by": 12}}, {"model": "core.availabletimeslot", "pk": 1388, "fields": {"cycle": 1, "salesman": 12, "date": "2025-10-31", "start_time": "13:00:00", "appointment_type": "in_person", "is_active": true, "is_booked": false, "created_at": "2025-10-28T04:00:01.378Z", "created_by": 12}}, {"model": "core.availabletimeslot", "pk": 1389, "fields": {"cycle": 1, "salesman": 12, "date": "2025-10-31", "start_time": "13:30:00", "appointment_type": "in_person", "is_active": true, "is_booked": false, "created_at": "2025-10-28T04:00:01.378Z", "created_by": 12}}, {"model": "core.availabletimeslot", "pk": 1390, "fields": {"cycle": 1, "salesman": 12, "date": "2025-10-31", "start_time": "14:00:00", "appointment_type": "in_person", "is_active": true, "is_booked": false, "created_at": "2025-10-28T04:00:01.378Z", "created_by": 12}}, {"model": "core.availabletimeslot", "pk": 1391, "fields": {"cycle": 1, "salesman": 12, "date": "2025-10-31", "start_time": "14:30:00", "appointment_type": "in_person", "is_active": true, "is_booked": false, "created_at": "2025-10-28T04:00:01.378Z", "created_by": 12}}, {"model": "core.availabletimeslot", "pk": 1392, "fields": {"cycle": 1, "salesman": 12, "date": "2025-10-31", "start_time": "15:00:00", "appointment_type": "in_person", "is_active": true, "is_booked": false, "created_at": "2025-10-28T04:00:01.378Z", "created_by": 12}}, {"model": "core.availabletimeslot", "pk": 1393, "fields": {"cycle": 1, "salesman": 12, "date": "2025-10-31", "start_time": "15:30:00", "appointment_type": "in_person", "is_active": true, "is_booked": false, "created_at": "2025-10-28T04:00:01.378Z", "created_by": 12}}, {"model": "core.availabletimeslot", "pk": 1394, "fields": {"cycle": 1, "salesman": 12, "date": "2025-10-31", "start_time": "16:00:00", "appointment_type": "in_person", "is_active": true, "is_booked": false, "created_at": "2025-10-28T04:00:01.378Z", "created_by": 12}}, {"model": "core.availabletimeslot", "pk": 1395, "fields": {"cycle": 1, "salesman": 12, "date": "2025-10-31", "start_time": "16:30:00", "appointment_type": "in_person", "is_active": true, "is_booked": false, "created_at": "2025-10-28T04:00:01.378Z", "created_by": 12}}, {"model": "core.availabletimeslot", "pk": 1396, "fields": {"cycle": 1, "salesman": 12, "date": "2025-10-31", "start_time": "17:00:00", "appointment_type": "in_person", "is_active": true, "is_booked": false, "created_at": "2025-10-28T04:00:01.378Z", "created_by": 12}}, {"model": "core.availabletimeslot", "pk": 1397, "fields": {"cycle": 1, "salesman": 12, "date": "2025-10-31", "start_time": "17:30:00", "appointment_type": "in_person", "is_active": true, "is_booked": false, "created_at": "2025-10-28T04:00:01.378Z", "created_by": 12}}, {"model": "core.availabletimeslot", "pk": 1398, "fields": {"cycle": 1, "salesman": 12, "date": "2025-10-31", "start_time": "18:00:00", "appointment_type": "in_person", "is_active": true, "is_booked": false, "created_at": "2025-10-28T04:00:01.378Z", "created_by": 12}}, {"model": "core.availabletimeslot", "pk": 1399, "fields": {"cycle": 1, "salesman": 12, "date": "2025-10-31", "start_time": "18:30:00", "appointment_type": "in_person", "is_active": true, "is_booked": false, "created_at": "2025-10-28T04:00:01.378Z", "created_by": 12}}, {"model": "core.dripcampaign", "pk": 1, "fields": {"booking": 5, "campaign_type": "did_not_attend", "started_at": "2025-10-24T23:16:21.937Z", "is_active": true, "is_stopped": false, "stopped_at": null, "stopped_by": null}}, {"model": "core.dripcampaign", "pk": 2, "fields": {"booking": 6, "campaign_type": "did_not_attend", "started_at": "2025-10-24T23:25:03.112Z", "is_active": true, "is_stopped": false, "stopped_at": null, "stopped_by": null}}, {"model": "core.dripcampaign", "pk": 3, "fields": {"booking": 7, "campaign_type": "did_not_attend", "started_at": "2025-10-24T23:25:17.206Z", "is_active": true, "is_stopped": false, "stopped_at": null, "stopped_by": null}}]